url,page_type,http_status,canonical,robots,sitemap_membership,crawl_depth,incoming_links,indexability,reason
/,HOMEPAGE,200,https://www.pottyregisteredpuppies.com,"default index,follow",YES,0,0,READY_FOR_INDEXING,"Core hub, priority breed, or strongest guide."
/about,ABOUT,200,https://www.pottyregisteredpuppies.com/about,"default index,follow",YES,1,4,DISCOVER_VIA_SITEMAP,Valid canonical URL; allow sitemap and internal-link discovery.
/breeds,BREEDS_HUB,200,https://www.pottyregisteredpuppies.com/breeds,"default index,follow",YES,1,2,READY_FOR_INDEXING,"Core hub, priority breed, or strongest guide."
/breeds/bichon-frise,BREED_DETAIL,200,https://www.pottyregisteredpuppies.com/breeds/bichon-frise,"default index,follow",YES,1,4,READY_FOR_INDEXING,"Core hub, priority breed, or strongest guide."
/breeds/biewer-terrier,BREED_DETAIL,200,https://www.pottyregisteredpuppies.com/breeds/biewer-terrier,"default index,follow",YES,1,5,READY_FOR_INDEXING,"Core hub, priority breed, or strongest guide."
/breeds/chihuahua,BREED_DETAIL,200,https://www.pottyregisteredpuppies.com/breeds/chihuahua,"default index,follow",YES,1,2,READY_FOR_INDEXING,"Core hub, priority breed, or strongest guide."
/breeds/coton-de-tulear,BREED_DETAIL,200,https://www.pottyregisteredpuppies.com/breeds/coton-de-tulear,"default index,follow",YES,1,18,READY_FOR_INDEXING,"Core hub, priority breed, or strongest guide."
/breeds/dachshund,BREED_DETAIL,200,https://www.pottyregisteredpuppies.com/breeds/dachshund,"default index,follow",YES,1,2,READY_FOR_INDEXING,"Core hub, priority breed, or strongest guide."
/breeds/doodle,BREED_DETAIL,200,https://www.pottyregisteredpuppies.com/breeds/doodle,"default index,follow",YES,1,5,READY_FOR_INDEXING,"Core hub, priority breed, or strongest guide."
/breeds/frenchie,BREED_DETAIL,200,https://www.pottyregisteredpuppies.com/breeds/frenchie,"default index,follow",YES,1,5,READY_FOR_INDEXING,"Core hub, priority breed, or strongest guide."
/breeds/king-charles,BREED_DETAIL,200,https://www.pottyregisteredpuppies.com/breeds/king-charles,"default index,follow",YES,1,2,READY_FOR_INDEXING,"Core hub, priority breed, or strongest guide."
/breeds/maltese,BREED_DETAIL,200,https://www.pottyregisteredpuppies.com/breeds/maltese,"default index,follow",YES,1,17,READY_FOR_INDEXING,"Core hub, priority breed, or strongest guide."
/breeds/maltipom,BREED_DETAIL,200,https://www.pottyregisteredpuppies.com/breeds/maltipom,"default index,follow",YES,1,2,READY_FOR_INDEXING,"Core hub, priority breed, or strongest guide."
/breeds/maltipoo,BREED_DETAIL,200,https://www.pottyregisteredpuppies.com/breeds/maltipoo,"default index,follow",YES,1,12,READY_FOR_INDEXING,"Core hub, priority breed, or strongest guide."
/breeds/maltitzu,BREED_DETAIL,200,https://www.pottyregisteredpuppies.com/breeds/maltitzu,"default index,follow",YES,1,2,READY_FOR_INDEXING,"Core hub, priority breed, or strongest guide."
/breeds/mame-shiba,BREED_DETAIL,200,https://www.pottyregisteredpuppies.com/breeds/mame-shiba,"default index,follow",YES,1,2,READY_FOR_INDEXING,"Core hub, priority breed, or strongest guide."
/breeds/mauzer,BREED_DETAIL,200,https://www.pottyregisteredpuppies.com/breeds/mauzer,"default index,follow",YES,1,2,READY_FOR_INDEXING,"Core hub, priority breed, or strongest guide."
/breeds/mini-schnauzer,BREED_DETAIL,200,https://www.pottyregisteredpuppies.com/breeds/mini-schnauzer,"default index,follow",YES,1,2,READY_FOR_INDEXING,"Core hub, priority breed, or strongest guide."
/breeds/morkie,BREED_DETAIL,200,https://www.pottyregisteredpuppies.com/breeds/morkie,"default index,follow",YES,1,19,READY_FOR_INDEXING,"Core hub, priority breed, or strongest guide."
/breeds/pomapoo,BREED_DETAIL,200,https://www.pottyregisteredpuppies.com/breeds/pomapoo,"default index,follow",YES,1,2,READY_FOR_INDEXING,"Core hub, priority breed, or strongest guide."
/breeds/pomeranian,BREED_DETAIL,200,https://www.pottyregisteredpuppies.com/breeds/pomeranian,"default index,follow",YES,1,14,READY_FOR_INDEXING,"Core hub, priority breed, or strongest guide."
/breeds/pomsky,BREED_DETAIL,200,https://www.pottyregisteredpuppies.com/breeds/pomsky,"default index,follow",YES,1,16,READY_FOR_INDEXING,"Core hub, priority breed, or strongest guide."
/breeds/poodle,BREED_DETAIL,200,https://www.pottyregisteredpuppies.com/breeds/poodle,"default index,follow",YES,1,13,READY_FOR_INDEXING,"Core hub, priority breed, or strongest guide."
/breeds/pug,BREED_DETAIL,200,https://www.pottyregisteredpuppies.com/breeds/pug,"default index,follow",YES,1,2,READY_FOR_INDEXING,"Core hub, priority breed, or strongest guide."
/breeds/shih-zhu,BREED_DETAIL,200,https://www.pottyregisteredpuppies.com/breeds/shih-zhu,"default index,follow",YES,1,2,READY_FOR_INDEXING,"Core hub, priority breed, or strongest guide."
/breeds/yorkie,BREED_DETAIL,200,https://www.pottyregisteredpuppies.com/breeds/yorkie,"default index,follow",YES,1,15,READY_FOR_INDEXING,"Core hub, priority breed, or strongest guide."
/contact,CONTACT,200,https://www.pottyregisteredpuppies.com/contact,"default index,follow",YES,1,5,DISCOVER_VIA_SITEMAP,Valid canonical URL; allow sitemap and internal-link discovery.
/guides,GUIDES_HUB,200,https://www.pottyregisteredpuppies.com/guides,"index, follow",YES,1,3,READY_FOR_INDEXING,"Core hub, priority breed, or strongest guide."
/guides?category=Getting%20Started,OTHER,200,https://www.pottyregisteredpuppies.com/guides,"noindex, follow",NO,2,1,NOINDEX,Utility filter URL.
/guides?category=Guidance,OTHER,200,https://www.pottyregisteredpuppies.com/guides,"noindex, follow",NO,2,3,NOINDEX,Utility filter URL.
/guides?category=Health,OTHER,200,https://www.pottyregisteredpuppies.com/guides,"noindex, follow",NO,2,5,NOINDEX,Utility filter URL.
/guides?category=Lifestyle,OTHER,200,https://www.pottyregisteredpuppies.com/guides,"noindex, follow",NO,2,6,NOINDEX,Utility filter URL.
/guides?category=Preparation,OTHER,200,https://www.pottyregisteredpuppies.com/guides,"noindex, follow",NO,2,2,NOINDEX,Utility filter URL.
/guides?category=Training,OTHER,200,https://www.pottyregisteredpuppies.com/guides,"noindex, follow",NO,2,4,NOINDEX,Utility filter URL.
/guides/choosing-the-right-breed,GUIDE_ARTICLE,200,https://www.pottyregisteredpuppies.com/guides/choosing-the-right-breed,"default index,follow",YES,1,24,READY_FOR_INDEXING,"Core hub, priority breed, or strongest guide."
/guides/health-and-care,GUIDE_ARTICLE,200,https://www.pottyregisteredpuppies.com/guides/health-and-care,"default index,follow",YES,1,41,DISCOVER_VIA_SITEMAP,Valid canonical URL; allow sitemap and internal-link discovery.
/guides/pet-insurance-guide,GUIDE_ARTICLE,200,https://www.pottyregisteredpuppies.com/guides/pet-insurance-guide,"default index,follow",YES,1,3,DISCOVER_VIA_SITEMAP,Valid canonical URL; allow sitemap and internal-link discovery.
/guides/preparing-for-a-puppy,GUIDE_ARTICLE,200,https://www.pottyregisteredpuppies.com/guides/preparing-for-a-puppy,"default index,follow",YES,1,18,READY_FOR_INDEXING,"Core hub, priority breed, or strongest guide."
/guides/puppy-training-basics,GUIDE_ARTICLE,200,https://www.pottyregisteredpuppies.com/guides/puppy-training-basics,"default index,follow",YES,1,13,DISCOVER_VIA_SITEMAP,Valid canonical URL; allow sitemap and internal-link discovery.
/guides/questions-to-ask,GUIDE_ARTICLE,200,https://www.pottyregisteredpuppies.com/guides/questions-to-ask,"default index,follow",YES,1,32,READY_FOR_INDEXING,"Core hub, priority breed, or strongest guide."
/guides/travelling-with-your-puppy,GUIDE_ARTICLE,200,https://www.pottyregisteredpuppies.com/guides/travelling-with-your-puppy,"default index,follow",YES,1,3,DISCOVER_VIA_SITEMAP,Valid canonical URL; allow sitemap and internal-link discovery.
/puppies,PUPPIES_HUB,200,https://www.pottyregisteredpuppies.com/puppies,"default index,follow",YES,1,1,READY_FOR_INDEXING,"Core hub, priority breed, or strongest guide."
/puppies/aaron-male-2,PUPPY_DETAIL,200,https://www.pottyregisteredpuppies.com/puppies/aaron-male-2,"default index,follow",YES,2,4,DISCOVER_VIA_SITEMAP,Valid canonical URL; allow sitemap and internal-link discovery.
/puppies/agatha-female-3,PUPPY_DETAIL,200,https://www.pottyregisteredpuppies.com/puppies/agatha-female-3,"default index,follow",YES,2,2,DISCOVER_VIA_SITEMAP,Valid canonical URL; allow sitemap and internal-link discovery.
/puppies/agatha-female-4,PUPPY_DETAIL,200,https://www.pottyregisteredpuppies.com/puppies/agatha-female-4,"default index,follow",YES,2,2,DISCOVER_VIA_SITEMAP,Valid canonical URL; allow sitemap and internal-link discovery.
/puppies/agatha-female-5,PUPPY_DETAIL,200,https://www.pottyregisteredpuppies.com/puppies/agatha-female-5,"default index,follow",YES,2,2,DISCOVER_VIA_SITEMAP,Valid canonical URL; allow sitemap and internal-link discovery.
/puppies/agatha-female-6,PUPPY_DETAIL,200,https://www.pottyregisteredpuppies.com/puppies/agatha-female-6,"default index,follow",YES,2,2,DISCOVER_VIA_SITEMAP,Valid canonical URL; allow sitemap and internal-link discovery.
/puppies/agatha-female-7,PUPPY_DETAIL,200,https://www.pottyregisteredpuppies.com/puppies/agatha-female-7,"default index,follow",YES,2,2,DISCOVER_VIA_SITEMAP,Valid canonical URL; allow sitemap and internal-link discovery.
/puppies/alfie-male,PUPPY_DETAIL,200,https://www.pottyregisteredpuppies.com/puppies/alfie-male,"default index,follow",YES,2,4,DISCOVER_VIA_SITEMAP,Valid canonical URL; allow sitemap and internal-link discovery.
/puppies/amber-female,PUPPY_DETAIL,200,https://www.pottyregisteredpuppies.com/puppies/amber-female,"default index,follow",YES,2,2,DISCOVER_VIA_SITEMAP,Valid canonical URL; allow sitemap and internal-link discovery.
/puppies/amber-female-1,PUPPY_DETAIL,200,https://www.pottyregisteredpuppies.com/puppies/amber-female-1,"default index,follow",YES,2,2,DISCOVER_VIA_SITEMAP,Valid canonical URL; allow sitemap and internal-link discovery.
/puppies/amber-female-2,PUPPY_DETAIL,200,https://www.pottyregisteredpuppies.com/puppies/amber-female-2,"default index,follow",YES,2,2,DISCOVER_VIA_SITEMAP,Valid canonical URL; allow sitemap and internal-link discovery.
/puppies/amber-female-3,PUPPY_DETAIL,200,https://www.pottyregisteredpuppies.com/puppies/amber-female-3,"default index,follow",YES,2,2,DISCOVER_VIA_SITEMAP,Valid canonical URL; allow sitemap and internal-link discovery.
/puppies/amber-female-4,PUPPY_DETAIL,200,https://www.pottyregisteredpuppies.com/puppies/amber-female-4,"default index,follow",YES,2,2,DISCOVER_VIA_SITEMAP,Valid canonical URL; allow sitemap and internal-link discovery.
/puppies/amber-female-5,PUPPY_DETAIL,200,https://www.pottyregisteredpuppies.com/puppies/amber-female-5,"default index,follow",YES,2,2,DISCOVER_VIA_SITEMAP,Valid canonical URL; allow sitemap and internal-link discovery.
/puppies/amber-female-6,PUPPY_DETAIL,200,https://www.pottyregisteredpuppies.com/puppies/amber-female-6,"default index,follow",YES,2,3,DISCOVER_VIA_SITEMAP,Valid canonical URL; allow sitemap and internal-link discovery.
/puppies/amelia-female-4,PUPPY_DETAIL,200,https://www.pottyregisteredpuppies.com/puppies/amelia-female-4,"default index,follow",YES,2,2,DISCOVER_VIA_SITEMAP,Valid canonical URL; allow sitemap and internal-link discovery.
/puppies/amelia-female-5,PUPPY_DETAIL,200,https://www.pottyregisteredpuppies.com/puppies/amelia-female-5,"default index,follow",YES,2,2,DISCOVER_VIA_SITEMAP,Valid canonical URL; allow sitemap and internal-link discovery.
/puppies/amelia-female-6,PUPPY_DETAIL,200,https://www.pottyregisteredpuppies.com/puppies/amelia-female-6,"default index,follow",YES,2,2,DISCOVER_VIA_SITEMAP,Valid canonical URL; allow sitemap and internal-link discovery.
/puppies/amelia-female-7,PUPPY_DETAIL,200,https://www.pottyregisteredpuppies.com/puppies/amelia-female-7,"default index,follow",YES,2,2,DISCOVER_VIA_SITEMAP,Valid canonical URL; allow sitemap and internal-link discovery.
/puppies/archie-male,PUPPY_DETAIL,200,https://www.pottyregisteredpuppies.com/puppies/archie-male,"default index,follow",YES,2,2,DISCOVER_VIA_SITEMAP,Valid canonical URL; allow sitemap and internal-link discovery.
/puppies/aria-female,PUPPY_DETAIL,200,https://www.pottyregisteredpuppies.com/puppies/aria-female,"default index,follow",YES,2,2,DISCOVER_VIA_SITEMAP,Valid canonical URL; allow sitemap and internal-link discovery.
/puppies/arlo-male-1,PUPPY_DETAIL,200,https://www.pottyregisteredpuppies.com/puppies/arlo-male-1,"default index,follow",YES,2,2,DISCOVER_VIA_SITEMAP,Valid canonical URL; allow sitemap and internal-link discovery.
/puppies/arlo-male-2,PUPPY_DETAIL,200,https://www.pottyregisteredpuppies.com/puppies/arlo-male-2,"default index,follow",YES,2,2,DISCOVER_VIA_SITEMAP,Valid canonical URL; allow sitemap and internal-link discovery.
/puppies/arlo-male-3,PUPPY_DETAIL,200,https://www.pottyregisteredpuppies.com/puppies/arlo-male-3,"default index,follow",YES,2,2,DISCOVER_VIA_SITEMAP,Valid canonical URL; allow sitemap and internal-link discovery.
/puppies/arlo-male-4,PUPPY_DETAIL,200,https://www.pottyregisteredpuppies.com/puppies/arlo-male-4,"default index,follow",YES,2,2,DISCOVER_VIA_SITEMAP,Valid canonical URL; allow sitemap and internal-link discovery.
/puppies/arlo-male-5,PUPPY_DETAIL,200,https://www.pottyregisteredpuppies.com/puppies/arlo-male-5,"default index,follow",YES,2,2,DISCOVER_VIA_SITEMAP,Valid canonical URL; allow sitemap and internal-link discovery.
/puppies/arlo-male-6,PUPPY_DETAIL,200,https://www.pottyregisteredpuppies.com/puppies/arlo-male-6,"default index,follow",YES,2,5,DISCOVER_VIA_SITEMAP,Valid canonical URL; allow sitemap and internal-link discovery.
/puppies/arthur-male-1,PUPPY_DETAIL,200,https://www.pottyregisteredpuppies.com/puppies/arthur-male-1,"default index,follow",YES,2,3,DISCOVER_VIA_SITEMAP,Valid canonical URL; allow sitemap and internal-link discovery.
/puppies/arthur-male-2,PUPPY_DETAIL,200,https://www.pottyregisteredpuppies.com/puppies/arthur-male-2,"default index,follow",YES,2,2,DISCOVER_VIA_SITEMAP,Valid canonical URL; allow sitemap and internal-link discovery.
/puppies/aspen-male-3,PUPPY_DETAIL,200,https://www.pottyregisteredpuppies.com/puppies/aspen-male-3,"default index,follow",YES,2,2,DISCOVER_VIA_SITEMAP,Valid canonical URL; allow sitemap and internal-link discovery.
/puppies/aspen-male-4,PUPPY_DETAIL,200,https://www.pottyregisteredpuppies.com/puppies/aspen-male-4,"default index,follow",YES,2,2,DISCOVER_VIA_SITEMAP,Valid canonical URL; allow sitemap and internal-link discovery.
/puppies/aspen-male-5,PUPPY_DETAIL,200,https://www.pottyregisteredpuppies.com/puppies/aspen-male-5,"default index,follow",YES,2,2,DISCOVER_VIA_SITEMAP,Valid canonical URL; allow sitemap and internal-link discovery.
/puppies/aurora-female,PUPPY_DETAIL,200,https://www.pottyregisteredpuppies.com/puppies/aurora-female,"default index,follow",YES,2,2,DISCOVER_VIA_SITEMAP,Valid canonical URL; allow sitemap and internal-link discovery.
/puppies/austin-male-1,PUPPY_DETAIL,200,https://www.pottyregisteredpuppies.com/puppies/austin-male-1,"default index,follow",YES,2,2,DISCOVER_VIA_SITEMAP,Valid canonical URL; allow sitemap and internal-link discovery.
/puppies/austin-male-2,PUPPY_DETAIL,200,https://www.pottyregisteredpuppies.com/puppies/austin-male-2,"default index,follow",YES,2,2,DISCOVER_VIA_SITEMAP,Valid canonical URL; allow sitemap and internal-link discovery.
/puppies/austin-male-3,PUPPY_DETAIL,200,https://www.pottyregisteredpuppies.com/puppies/austin-male-3,"default index,follow",YES,2,2,DISCOVER_VIA_SITEMAP,Valid canonical URL; allow sitemap and internal-link discovery.
/puppies/austin-male-4,PUPPY_DETAIL,200,https://www.pottyregisteredpuppies.com/puppies/austin-male-4,"default index,follow",YES,2,2,DISCOVER_VIA_SITEMAP,Valid canonical URL; allow sitemap and internal-link discovery.
/puppies/austin-male-5,PUPPY_DETAIL,200,https://www.pottyregisteredpuppies.com/puppies/austin-male-5,"default index,follow",YES,2,2,DISCOVER_VIA_SITEMAP,Valid canonical URL; allow sitemap and internal-link discovery.
/puppies/austin-male-6,PUPPY_DETAIL,200,https://www.pottyregisteredpuppies.com/puppies/austin-male-6,"default index,follow",YES,2,2,DISCOVER_VIA_SITEMAP,Valid canonical URL; allow sitemap and internal-link discovery.
/puppies/austin-male-7,PUPPY_DETAIL,200,https://www.pottyregisteredpuppies.com/puppies/austin-male-7,"default index,follow",YES,2,4,DISCOVER_VIA_SITEMAP,Valid canonical URL; allow sitemap and internal-link discovery.
/puppies/azure-female,PUPPY_DETAIL,200,https://www.pottyregisteredpuppies.com/puppies/azure-female,"default index,follow",YES,2,2,DISCOVER_VIA_SITEMAP,Valid canonical URL; allow sitemap and internal-link discovery.
/puppies/bagel-male-1,PUPPY_DETAIL,200,https://www.pottyregisteredpuppies.com/puppies/bagel-male-1,"default index,follow",YES,2,2,DISCOVER_VIA_SITEMAP,Valid canonical URL; allow sitemap and internal-link discovery.
/puppies/bagel-male-2,PUPPY_DETAIL,200,https://www.pottyregisteredpuppies.com/puppies/bagel-male-2,"default index,follow",YES,2,2,DISCOVER_VIA_SITEMAP,Valid canonical URL; allow sitemap and internal-link discovery.
/puppies/bagel-male-3,PUPPY_DETAIL,200,https://www.pottyregisteredpuppies.com/puppies/bagel-male-3,"default index,follow",YES,2,2,DISCOVER_VIA_SITEMAP,Valid canonical URL; allow sitemap and internal-link discovery.
/puppies/bagel-male-4,PUPPY_DETAIL,200,https://www.pottyregisteredpuppies.com/puppies/bagel-male-4,"default index,follow",YES,2,2,DISCOVER_VIA_SITEMAP,Valid canonical URL; allow sitemap and internal-link discovery.
/puppies/bailey-male-3,PUPPY_DETAIL,200,https://www.pottyregisteredpuppies.com/puppies/bailey-male-3,"default index,follow",YES,2,2,DISCOVER_VIA_SITEMAP,Valid canonical URL; allow sitemap and internal-link discovery.
/puppies/bambi-female-1,PUPPY_DETAIL,200,https://www.pottyregisteredpuppies.com/puppies/bambi-female-1,"default index,follow",YES,2,2,DISCOVER_VIA_SITEMAP,Valid canonical URL; allow sitemap and internal-link discovery.
/puppies/bambi-male-2,PUPPY_DETAIL,200,https://www.pottyregisteredpuppies.com/puppies/bambi-male-2,"default index,follow",YES,2,2,DISCOVER_VIA_SITEMAP,Valid canonical URL; allow sitemap and internal-link discovery.
/puppies/baxter-male-1,PUPPY_DETAIL,200,https://www.pottyregisteredpuppies.com/puppies/baxter-male-1,"default index,follow",YES,2,4,DISCOVER_VIA_SITEMAP,Valid canonical URL; allow sitemap and internal-link discovery.
/puppies/beau-male-2,PUPPY_DETAIL,200,https://www.pottyregisteredpuppies.com/puppies/beau-male-2,"default index,follow",YES,2,2,DISCOVER_VIA_SITEMAP,Valid canonical URL; allow sitemap and internal-link discovery.
/puppies/bennett-male,PUPPY_DETAIL,200,https://www.pottyregisteredpuppies.com/puppies/bennett-male,"default index,follow",YES,2,2,DISCOVER_VIA_SITEMAP,Valid canonical URL; allow sitemap and internal-link discovery.
/puppies/bentley-male-4,PUPPY_DETAIL,200,https://www.pottyregisteredpuppies.com/puppies/bentley-male-4,"default index,follow",YES,2,2,DISCOVER_VIA_SITEMAP,Valid canonical URL; allow sitemap and internal-link discovery.
/puppies/bentley-male-5,PUPPY_DETAIL,200,https://www.pottyregisteredpuppies.com/puppies/bentley-male-5,"default index,follow",YES,2,2,DISCOVER_VIA_SITEMAP,Valid canonical URL; allow sitemap and internal-link discovery.
/puppies/berry-female,PUPPY_DETAIL,200,https://www.pottyregisteredpuppies.com/puppies/berry-female,"default index,follow",YES,2,2,DISCOVER_VIA_SITEMAP,Valid canonical URL; allow sitemap and internal-link discovery.
/puppies/berry-female-1,PUPPY_DETAIL,200,https://www.pottyregisteredpuppies.com/puppies/berry-female-1,"default index,follow",YES,2,2,DISCOVER_VIA_SITEMAP,Valid canonical URL; allow sitemap and internal-link discovery.
/puppies/berry-female-2,PUPPY_DETAIL,200,https://www.pottyregisteredpuppies.com/puppies/berry-female-2,"default index,follow",YES,2,2,DISCOVER_VIA_SITEMAP,Valid canonical URL; allow sitemap and internal-link discovery.
/puppies/berry-female-3,PUPPY_DETAIL,200,https://www.pottyregisteredpuppies.com/puppies/berry-female-3,"default index,follow",YES,2,2,DISCOVER_VIA_SITEMAP,Valid canonical URL; allow sitemap and internal-link discovery.
/puppies/berry-female-4,PUPPY_DETAIL,200,https://www.pottyregisteredpuppies.com/puppies/berry-female-4,"default index,follow",YES,2,4,DISCOVER_VIA_SITEMAP,Valid canonical URL; allow sitemap and internal-link discovery.
/puppies/bianca-female,PUPPY_DETAIL,200,https://www.pottyregisteredpuppies.com/puppies/bianca-female,"default index,follow",YES,2,4,DISCOVER_VIA_SITEMAP,Valid canonical URL; allow sitemap and internal-link discovery.
/puppies/bianca-female-1,PUPPY_DETAIL,200,https://www.pottyregisteredpuppies.com/puppies/bianca-female-1,"default index,follow",YES,2,2,DISCOVER_VIA_SITEMAP,Valid canonical URL; allow sitemap and internal-link discovery.
/puppies/biscuit-male-1,PUPPY_DETAIL,200,https://www.pottyregisteredpuppies.com/puppies/biscuit-male-1,"default index,follow",YES,2,2,DISCOVER_VIA_SITEMAP,Valid canonical URL; allow sitemap and internal-link discovery.
/puppies/biscuit-male-2,PUPPY_DETAIL,200,https://www.pottyregisteredpuppies.com/puppies/biscuit-male-2,"default index,follow",YES,2,2,DISCOVER_VIA_SITEMAP,Valid canonical URL; allow sitemap and internal-link discovery.
/puppies/biscuit-male-3,PUPPY_DETAIL,200,https://www.pottyregisteredpuppies.com/puppies/biscuit-male-3,"default index,follow",YES,2,2,DISCOVER_VIA_SITEMAP,Valid canonical URL; allow sitemap and internal-link discovery.
/puppies/bomi-male,PUPPY_DETAIL,200,https://www.pottyregisteredpuppies.com/puppies/bomi-male,"default index,follow",YES,2,2,DISCOVER_VIA_SITEMAP,Valid canonical URL; allow sitemap and internal-link discovery.
/puppies/boo-male-3,PUPPY_DETAIL,200,https://www.pottyregisteredpuppies.com/puppies/boo-male-3,"default index,follow",YES,2,2,DISCOVER_VIA_SITEMAP,Valid canonical URL; allow sitemap and internal-link discovery.
/puppies/boomer-male,PUPPY_DETAIL,200,https://www.pottyregisteredpuppies.com/puppies/boomer-male,"default index,follow",YES,2,2,DISCOVER_VIA_SITEMAP,Valid canonical URL; allow sitemap and internal-link discovery.
/puppies/boomer-male-1,PUPPY_DETAIL,200,https://www.pottyregisteredpuppies.com/puppies/boomer-male-1,"default index,follow",YES,2,2,DISCOVER_VIA_SITEMAP,Valid canonical URL; allow sitemap and internal-link discovery.
/puppies/brownie-male,PUPPY_DETAIL,200,https://www.pottyregisteredpuppies.com/puppies/brownie-male,"default index,follow",YES,2,2,DISCOVER_VIA_SITEMAP,Valid canonical URL; allow sitemap and internal-link discovery.
/puppies/butters-female,PUPPY_DETAIL,200,https://www.pottyregisteredpuppies.com/puppies/butters-female,"default index,follow",YES,2,2,DISCOVER_VIA_SITEMAP,Valid canonical URL; allow sitemap and internal-link discovery.
/puppies/butters-male-1,PUPPY_DETAIL,200,https://www.pottyregisteredpuppies.com/puppies/butters-male-1,"default index,follow",YES,2,2,DISCOVER_VIA_SITEMAP,Valid canonical URL; allow sitemap and internal-link discovery.
/puppies/camille-female-3,PUPPY_DETAIL,200,https://www.pottyregisteredpuppies.com/puppies/camille-female-3,"default index,follow",YES,2,2,DISCOVER_VIA_SITEMAP,Valid canonical URL; allow sitemap and internal-link discovery.
/puppies/celine-female-1,PUPPY_DETAIL,200,https://www.pottyregisteredpuppies.com/puppies/celine-female-1,"default index,follow",YES,2,2,DISCOVER_VIA_SITEMAP,Valid canonical URL; allow sitemap and internal-link discovery.
/puppies/celine-female-2,PUPPY_DETAIL,200,https://www.pottyregisteredpuppies.com/puppies/celine-female-2,"default index,follow",YES,2,3,DISCOVER_VIA_SITEMAP,Valid canonical URL; allow sitemap and internal-link discovery.
/puppies/chanel-female-2,PUPPY_DETAIL,200,https://www.pottyregisteredpuppies.com/puppies/chanel-female-2,"default index,follow",YES,2,2,DISCOVER_VIA_SITEMAP,Valid canonical URL; allow sitemap and internal-link discovery.
/puppies/chanel-female-3,PUPPY_DETAIL,200,https://www.pottyregisteredpuppies.com/puppies/chanel-female-3,"default index,follow",YES,2,2,DISCOVER_VIA_SITEMAP,Valid canonical URL; allow sitemap and internal-link discovery.
/puppies/charlotte-female,PUPPY_DETAIL,200,https://www.pottyregisteredpuppies.com/puppies/charlotte-female,"default index,follow",YES,2,2,DISCOVER_VIA_SITEMAP,Valid canonical URL; allow sitemap and internal-link discovery.
/puppies/chase-male,PUPPY_DETAIL,200,https://www.pottyregisteredpuppies.com/puppies/chase-male,"default index,follow",YES,2,2,DISCOVER_VIA_SITEMAP,Valid canonical URL; allow sitemap and internal-link discovery.
/puppies/cher-female,PUPPY_DETAIL,200,https://www.pottyregisteredpuppies.com/puppies/cher-female,"default index,follow",YES,2,2,DISCOVER_VIA_SITEMAP,Valid canonical URL; allow sitemap and internal-link discovery.
/puppies/chico-male,PUPPY_DETAIL,200,https://www.pottyregisteredpuppies.com/puppies/chico-male,"default index,follow",YES,2,2,DISCOVER_VIA_SITEMAP,Valid canonical URL; allow sitemap and internal-link discovery.
/puppies/chloe-female-3,PUPPY_DETAIL,200,https://www.pottyregisteredpuppies.com/puppies/chloe-female-3,"default index,follow",YES,2,2,DISCOVER_VIA_SITEMAP,Valid canonical URL; allow sitemap and internal-link discovery.
/puppies/chloe-female-4,PUPPY_DETAIL,200,https://www.pottyregisteredpuppies.com/puppies/chloe-female-4,"default index,follow",YES,2,2,DISCOVER_VIA_SITEMAP,Valid canonical URL; allow sitemap and internal-link discovery.
/puppies/chloe-female-5,PUPPY_DETAIL,200,https://www.pottyregisteredpuppies.com/puppies/chloe-female-5,"default index,follow",YES,2,2,DISCOVER_VIA_SITEMAP,Valid canonical URL; allow sitemap and internal-link discovery.
/puppies/chloe-female-6,PUPPY_DETAIL,200,https://www.pottyregisteredpuppies.com/puppies/chloe-female-6,"default index,follow",YES,2,2,DISCOVER_VIA_SITEMAP,Valid canonical URL; allow sitemap and internal-link discovery.
/puppies/chloe-female-8,PUPPY_DETAIL,200,https://www.pottyregisteredpuppies.com/puppies/chloe-female-8,"default index,follow",YES,2,2,DISCOVER_VIA_SITEMAP,Valid canonical URL; allow sitemap and internal-link discovery.
/puppies/cinnamon-female-3,PUPPY_DETAIL,200,https://www.pottyregisteredpuppies.com/puppies/cinnamon-female-3,"default index,follow",YES,2,2,DISCOVER_VIA_SITEMAP,Valid canonical URL; allow sitemap and internal-link discovery.
/puppies/cinnamon-female-4,PUPPY_DETAIL,200,https://www.pottyregisteredpuppies.com/puppies/cinnamon-female-4,"default index,follow",YES,2,2,DISCOVER_VIA_SITEMAP,Valid canonical URL; allow sitemap and internal-link discovery.
/puppies/cloud-female-1,PUPPY_DETAIL,200,https://www.pottyregisteredpuppies.com/puppies/cloud-female-1,"default index,follow",YES,2,2,DISCOVER_VIA_SITEMAP,Valid canonical URL; allow sitemap and internal-link discovery.
/puppies/cloud-female-2,PUPPY_DETAIL,200,https://www.pottyregisteredpuppies.com/puppies/cloud-female-2,"default index,follow",YES,2,2,DISCOVER_VIA_SITEMAP,Valid canonical URL; allow sitemap and internal-link discovery.
/puppies/coco-female-6,PUPPY_DETAIL,200,https://www.pottyregisteredpuppies.com/puppies/coco-female-6,"default index,follow",YES,2,2,DISCOVER_VIA_SITEMAP,Valid canonical URL; allow sitemap and internal-link discovery.
/puppies/coco-female-7,PUPPY_DETAIL,200,https://www.pottyregisteredpuppies.com/puppies/coco-female-7,"default index,follow",YES,2,2,DISCOVER_VIA_SITEMAP,Valid canonical URL; allow sitemap and internal-link discovery.
/puppies/coco-female-8,PUPPY_DETAIL,200,https://www.pottyregisteredpuppies.com/puppies/coco-female-8,"default index,follow",YES,2,4,DISCOVER_VIA_SITEMAP,Valid canonical URL; allow sitemap and internal-link discovery.
/puppies/coco-female-9,PUPPY_DETAIL,200,https://www.pottyregisteredpuppies.com/puppies/coco-female-9,"default index,follow",YES,2,2,DISCOVER_VIA_SITEMAP,Valid canonical URL; allow sitemap and internal-link discovery.
/puppies/coco-female-reserved-by-rt,PUPPY_DETAIL,200,https://www.pottyregisteredpuppies.com/puppies/coco-female-reserved-by-rt,"default index,follow",YES,2,2,DISCOVER_VIA_SITEMAP,Valid canonical URL; allow sitemap and internal-link discovery.
/puppies/colette-female,PUPPY_DETAIL,200,https://www.pottyregisteredpuppies.com/puppies/colette-female,"default index,follow",YES,2,5,DISCOVER_VIA_SITEMAP,Valid canonical URL; allow sitemap and internal-link discovery.
/puppies/cooper-male-2,PUPPY_DETAIL,200,https://www.pottyregisteredpuppies.com/puppies/cooper-male-2,"default index,follow",YES,2,2,DISCOVER_VIA_SITEMAP,Valid canonical URL; allow sitemap and internal-link discovery.
/puppies/daphne-female-3,PUPPY_DETAIL,200,https://www.pottyregisteredpuppies.com/puppies/daphne-female-3,"default index,follow",YES,2,2,DISCOVER_VIA_SITEMAP,Valid canonical URL; allow sitemap and internal-link discovery.
/puppies/decter-male,PUPPY_DETAIL,200,https://www.pottyregisteredpuppies.com/puppies/decter-male,"default index,follow",YES,2,5,DISCOVER_VIA_SITEMAP,Valid canonical URL; allow sitemap and internal-link discovery.
/puppies/diana-female-1,PUPPY_DETAIL,200,https://www.pottyregisteredpuppies.com/puppies/diana-female-1,"default index,follow",YES,2,2,DISCOVER_VIA_SITEMAP,Valid canonical URL; allow sitemap and internal-link discovery.
/puppies/diana-female-10,PUPPY_DETAIL,200,https://www.pottyregisteredpuppies.com/puppies/diana-female-10,"default index,follow",YES,1,2,DISCOVER_VIA_SITEMAP,Valid canonical URL; allow sitemap and internal-link discovery.
/puppies/diana-female-2,PUPPY_DETAIL,200,https://www.pottyregisteredpuppies.com/puppies/diana-female-2,"default index,follow",YES,2,2,DISCOVER_VIA_SITEMAP,Valid canonical URL; allow sitemap and internal-link discovery.
/puppies/diana-female-3,PUPPY_DETAIL,200,https://www.pottyregisteredpuppies.com/puppies/diana-female-3,"default index,follow",YES,2,2,DISCOVER_VIA_SITEMAP,Valid canonical URL; allow sitemap and internal-link discovery.
/puppies/diana-female-4,PUPPY_DETAIL,200,https://www.pottyregisteredpuppies.com/puppies/diana-female-4,"default index,follow",YES,2,2,DISCOVER_VIA_SITEMAP,Valid canonical URL; allow sitemap and internal-link discovery.
/puppies/diana-female-5,PUPPY_DETAIL,200,https://www.pottyregisteredpuppies.com/puppies/diana-female-5,"default index,follow",YES,2,2,DISCOVER_VIA_SITEMAP,Valid canonical URL; allow sitemap and internal-link discovery.
/puppies/diana-female-6,PUPPY_DETAIL,200,https://www.pottyregisteredpuppies.com/puppies/diana-female-6,"default index,follow",YES,2,2,DISCOVER_VIA_SITEMAP,Valid canonical URL; allow sitemap and internal-link discovery.
/puppies/diana-female-7,PUPPY_DETAIL,200,https://www.pottyregisteredpuppies.com/puppies/diana-female-7,"default index,follow",YES,2,2,DISCOVER_VIA_SITEMAP,Valid canonical URL; allow sitemap and internal-link discovery.
/puppies/diana-female-8,PUPPY_DETAIL,200,https://www.pottyregisteredpuppies.com/puppies/diana-female-8,"default index,follow",YES,2,2,DISCOVER_VIA_SITEMAP,Valid canonical URL; allow sitemap and internal-link discovery.
/puppies/diana-female-9,PUPPY_DETAIL,200,https://www.pottyregisteredpuppies.com/puppies/diana-female-9,"default index,follow",YES,1,4,DISCOVER_VIA_SITEMAP,Valid canonical URL; allow sitemap and internal-link discovery.
/puppies/dior-female,PUPPY_DETAIL,200,https://www.pottyregisteredpuppies.com/puppies/dior-female,"default index,follow",YES,2,2,DISCOVER_VIA_SITEMAP,Valid canonical URL; allow sitemap and internal-link discovery.
/puppies/dolly-female-2,PUPPY_DETAIL,200,https://www.pottyregisteredpuppies.com/puppies/dolly-female-2,"default index,follow",YES,2,2,DISCOVER_VIA_SITEMAP,Valid canonical URL; allow sitemap and internal-link discovery.
/puppies/dolores-female-2,PUPPY_DETAIL,200,https://www.pottyregisteredpuppies.com/puppies/dolores-female-2,"default index,follow",YES,2,2,DISCOVER_VIA_SITEMAP,Valid canonical URL; allow sitemap and internal-link discovery.
/puppies/dolores-female-3,PUPPY_DETAIL,200,https://www.pottyregisteredpuppies.com/puppies/dolores-female-3,"default index,follow",YES,2,2,DISCOVER_VIA_SITEMAP,Valid canonical URL; allow sitemap and internal-link discovery.
/puppies/dolores-female-purchased-by-melbourne-copy,PUPPY_DETAIL,200,https://www.pottyregisteredpuppies.com/puppies/dolores-female-purchased-by-melbourne-copy,"default index,follow",YES,2,2,DISCOVER_VIA_SITEMAP,Valid canonical URL; allow sitemap and internal-link discovery.
/puppies/doraemon-male-1,PUPPY_DETAIL,200,https://www.pottyregisteredpuppies.com/puppies/doraemon-male-1,"default index,follow",YES,2,3,DISCOVER_VIA_SITEMAP,Valid canonical URL; allow sitemap and internal-link discovery.
/puppies/dustin-male-1,PUPPY_DETAIL,200,https://www.pottyregisteredpuppies.com/puppies/dustin-male-1,"default index,follow",YES,2,2,DISCOVER_VIA_SITEMAP,Valid canonical URL; allow sitemap and internal-link discovery.
/puppies/emma-female-2,PUPPY_DETAIL,200,https://www.pottyregisteredpuppies.com/puppies/emma-female-2,"default index,follow",YES,2,2,DISCOVER_VIA_SITEMAP,Valid canonical URL; allow sitemap and internal-link discovery.
/puppies/emma-female-3,PUPPY_DETAIL,200,https://www.pottyregisteredpuppies.com/puppies/emma-female-3,"default index,follow",YES,2,2,DISCOVER_VIA_SITEMAP,Valid canonical URL; allow sitemap and internal-link discovery.
/puppies/enzo-male,PUPPY_DETAIL,200,https://www.pottyregisteredpuppies.com/puppies/enzo-male,"default index,follow",YES,2,3,DISCOVER_VIA_SITEMAP,Valid canonical URL; allow sitemap and internal-link discovery.
/puppies/esme-female-2,PUPPY_DETAIL,200,https://www.pottyregisteredpuppies.com/puppies/esme-female-2,"default index,follow",YES,2,2,DISCOVER_VIA_SITEMAP,Valid canonical URL; allow sitemap and internal-link discovery.
/puppies/esme-female-3,PUPPY_DETAIL,200,https://www.pottyregisteredpuppies.com/puppies/esme-female-3,"default index,follow",YES,2,2,DISCOVER_VIA_SITEMAP,Valid canonical URL; allow sitemap and internal-link discovery.
/puppies/esme-female-purchased-by-kim-copy,PUPPY_DETAIL,200,https://www.pottyregisteredpuppies.com/puppies/esme-female-purchased-by-kim-copy,"default index,follow",YES,2,2,DISCOVER_VIA_SITEMAP,Valid canonical URL; allow sitemap and internal-link discovery.
/puppies/ewan-male-3,PUPPY_DETAIL,200,https://www.pottyregisteredpuppies.com/puppies/ewan-male-3,"default index,follow",YES,2,2,DISCOVER_VIA_SITEMAP,Valid canonical URL; allow sitemap and internal-link discovery.
/puppies/ewan-male-4,PUPPY_DETAIL,200,https://www.pottyregisteredpuppies.com/puppies/ewan-male-4,"default index,follow",YES,2,2,DISCOVER_VIA_SITEMAP,Valid canonical URL; allow sitemap and internal-link discovery.
/puppies/ewan-male-5,PUPPY_DETAIL,200,https://www.pottyregisteredpuppies.com/puppies/ewan-male-5,"default index,follow",YES,2,2,DISCOVER_VIA_SITEMAP,Valid canonical URL; allow sitemap and internal-link discovery.
/puppies/ewan-male-6,PUPPY_DETAIL,200,https://www.pottyregisteredpuppies.com/puppies/ewan-male-6,"default index,follow",YES,2,2,DISCOVER_VIA_SITEMAP,Valid canonical URL; allow sitemap and internal-link discovery.
/puppies/felix-male,PUPPY_DETAIL,200,https://www.pottyregisteredpuppies.com/puppies/felix-male,"default index,follow",YES,2,2,DISCOVER_VIA_SITEMAP,Valid canonical URL; allow sitemap and internal-link discovery.
/puppies/felix-male-1,PUPPY_DETAIL,200,https://www.pottyregisteredpuppies.com/puppies/felix-male-1,"default index,follow",YES,2,2,DISCOVER_VIA_SITEMAP,Valid canonical URL; allow sitemap and internal-link discovery.
/puppies/finn-male,PUPPY_DETAIL,200,https://www.pottyregisteredpuppies.com/puppies/finn-male,"default index,follow",YES,2,2,DISCOVER_VIA_SITEMAP,Valid canonical URL; allow sitemap and internal-link discovery.
/puppies/finn-male-1,PUPPY_DETAIL,200,https://www.pottyregisteredpuppies.com/puppies/finn-male-1,"default index,follow",YES,2,2,DISCOVER_VIA_SITEMAP,Valid canonical URL; allow sitemap and internal-link discovery.
/puppies/gigi-female-2,PUPPY_DETAIL,200,https://www.pottyregisteredpuppies.com/puppies/gigi-female-2,"default index,follow",YES,2,2,DISCOVER_VIA_SITEMAP,Valid canonical URL; allow sitemap and internal-link discovery.
/puppies/gigi-female-3,PUPPY_DETAIL,200,https://www.pottyregisteredpuppies.com/puppies/gigi-female-3,"default index,follow",YES,2,3,DISCOVER_VIA_SITEMAP,Valid canonical URL; allow sitemap and internal-link discovery.
/puppies/gigi-female-4,PUPPY_DETAIL,200,https://www.pottyregisteredpuppies.com/puppies/gigi-female-4,"default index,follow",YES,2,2,DISCOVER_VIA_SITEMAP,Valid canonical URL; allow sitemap and internal-link discovery.
/puppies/gigi-female-5,PUPPY_DETAIL,200,https://www.pottyregisteredpuppies.com/puppies/gigi-female-5,"default index,follow",YES,2,2,DISCOVER_VIA_SITEMAP,Valid canonical URL; allow sitemap and internal-link discovery.
/puppies/gigi-female-6,PUPPY_DETAIL,200,https://www.pottyregisteredpuppies.com/puppies/gigi-female-6,"default index,follow",YES,2,2,DISCOVER_VIA_SITEMAP,Valid canonical URL; allow sitemap and internal-link discovery.
/puppies/gigi-female-7,PUPPY_DETAIL,200,https://www.pottyregisteredpuppies.com/puppies/gigi-female-7,"default index,follow",YES,2,2,DISCOVER_VIA_SITEMAP,Valid canonical URL; allow sitemap and internal-link discovery.
/puppies/gigi-female-8,PUPPY_DETAIL,200,https://www.pottyregisteredpuppies.com/puppies/gigi-female-8,"default index,follow",YES,2,2,DISCOVER_VIA_SITEMAP,Valid canonical URL; allow sitemap and internal-link discovery.
/puppies/ginger-male,PUPPY_DETAIL,200,https://www.pottyregisteredpuppies.com/puppies/ginger-male,"default index,follow",YES,2,2,DISCOVER_VIA_SITEMAP,Valid canonical URL; allow sitemap and internal-link discovery.
/puppies/giovanni-male-1,PUPPY_DETAIL,200,https://www.pottyregisteredpuppies.com/puppies/giovanni-male-1,"default index,follow",YES,2,2,DISCOVER_VIA_SITEMAP,Valid canonical URL; allow sitemap and internal-link discovery.
/puppies/gisele-female,PUPPY_DETAIL,200,https://www.pottyregisteredpuppies.com/puppies/gisele-female,"default index,follow",YES,2,2,DISCOVER_VIA_SITEMAP,Valid canonical URL; allow sitemap and internal-link discovery.
/puppies/gisele-female-1,PUPPY_DETAIL,200,https://www.pottyregisteredpuppies.com/puppies/gisele-female-1,"default index,follow",YES,2,2,DISCOVER_VIA_SITEMAP,Valid canonical URL; allow sitemap and internal-link discovery.
/puppies/giselle-female,PUPPY_DETAIL,200,https://www.pottyregisteredpuppies.com/puppies/giselle-female,"default index,follow",YES,2,2,DISCOVER_VIA_SITEMAP,Valid canonical URL; allow sitemap and internal-link discovery.
/puppies/giselle-female-1,PUPPY_DETAIL,200,https://www.pottyregisteredpuppies.com/puppies/giselle-female-1,"default index,follow",YES,2,2,DISCOVER_VIA_SITEMAP,Valid canonical URL; allow sitemap and internal-link discovery.
/puppies/gizmo-male-2,PUPPY_DETAIL,200,https://www.pottyregisteredpuppies.com/puppies/gizmo-male-2,"default index,follow",YES,2,2,DISCOVER_VIA_SITEMAP,Valid canonical URL; allow sitemap and internal-link discovery.
/puppies/glacier-male-1,PUPPY_DETAIL,200,https://www.pottyregisteredpuppies.com/puppies/glacier-male-1,"default index,follow",YES,2,2,DISCOVER_VIA_SITEMAP,Valid canonical URL; allow sitemap and internal-link discovery.
/puppies/grace-female-1,PUPPY_DETAIL,200,https://www.pottyregisteredpuppies.com/puppies/grace-female-1,"default index,follow",YES,2,2,DISCOVER_VIA_SITEMAP,Valid canonical URL; allow sitemap and internal-link discovery.
/puppies/grace-female-2,PUPPY_DETAIL,200,https://www.pottyregisteredpuppies.com/puppies/grace-female-2,"default index,follow",YES,2,2,DISCOVER_VIA_SITEMAP,Valid canonical URL; allow sitemap and internal-link discovery.
/puppies/grace-female-3,PUPPY_DETAIL,200,https://www.pottyregisteredpuppies.com/puppies/grace-female-3,"default index,follow",YES,2,2,DISCOVER_VIA_SITEMAP,Valid canonical URL; allow sitemap and internal-link discovery.
/puppies/grace-female-4,PUPPY_DETAIL,200,https://www.pottyregisteredpuppies.com/puppies/grace-female-4,"default index,follow",YES,2,2,DISCOVER_VIA_SITEMAP,Valid canonical URL; allow sitemap and internal-link discovery.
/puppies/gucci-female-1,PUPPY_DETAIL,200,https://www.pottyregisteredpuppies.com/puppies/gucci-female-1,"default index,follow",YES,2,2,DISCOVER_VIA_SITEMAP,Valid canonical URL; allow sitemap and internal-link discovery.
/puppies/gucci-male,PUPPY_DETAIL,200,https://www.pottyregisteredpuppies.com/puppies/gucci-male,"default index,follow",YES,2,2,DISCOVER_VIA_SITEMAP,Valid canonical URL; allow sitemap and internal-link discovery.
/puppies/hazel-female-1,PUPPY_DETAIL,200,https://www.pottyregisteredpuppies.com/puppies/hazel-female-1,"default index,follow",YES,2,2,DISCOVER_VIA_SITEMAP,Valid canonical URL; allow sitemap and internal-link discovery.
/puppies/henry-male,PUPPY_DETAIL,200,https://www.pottyregisteredpuppies.com/puppies/henry-male,"default index,follow",YES,2,2,DISCOVER_VIA_SITEMAP,Valid canonical URL; allow sitemap and internal-link discovery.
/puppies/hershey-male,PUPPY_DETAIL,200,https://www.pottyregisteredpuppies.com/puppies/hershey-male,"default index,follow",YES,2,2,DISCOVER_VIA_SITEMAP,Valid canonical URL; allow sitemap and internal-link discovery.
/puppies/hershey-male-1,PUPPY_DETAIL,200,https://www.pottyregisteredpuppies.com/puppies/hershey-male-1,"default index,follow",YES,2,2,DISCOVER_VIA_SITEMAP,Valid canonical URL; allow sitemap and internal-link discovery.
/puppies/honey-female,PUPPY_DETAIL,200,https://www.pottyregisteredpuppies.com/puppies/honey-female,"default index,follow",YES,2,2,DISCOVER_VIA_SITEMAP,Valid canonical URL; allow sitemap and internal-link discovery.
/puppies/hugo-male-3,PUPPY_DETAIL,200,https://www.pottyregisteredpuppies.com/puppies/hugo-male-3,"default index,follow",YES,2,2,DISCOVER_VIA_SITEMAP,Valid canonical URL; allow sitemap and internal-link discovery.
/puppies/hugo-male-4,PUPPY_DETAIL,200,https://www.pottyregisteredpuppies.com/puppies/hugo-male-4,"default index,follow",YES,2,2,DISCOVER_VIA_SITEMAP,Valid canonical URL; allow sitemap and internal-link discovery.
/puppies/hyde-male,PUPPY_DETAIL,200,https://www.pottyregisteredpuppies.com/puppies/hyde-male,"default index,follow",YES,2,2,DISCOVER_VIA_SITEMAP,Valid canonical URL; allow sitemap and internal-link discovery.
/puppies/indigo-male,PUPPY_DETAIL,200,https://www.pottyregisteredpuppies.com/puppies/indigo-male,"default index,follow",YES,2,2,DISCOVER_VIA_SITEMAP,Valid canonical URL; allow sitemap and internal-link discovery.
/puppies/inky-female,PUPPY_DETAIL,200,https://www.pottyregisteredpuppies.com/puppies/inky-female,"default index,follow",YES,2,2,DISCOVER_VIA_SITEMAP,Valid canonical URL; allow sitemap and internal-link discovery.
/puppies/isabella-female-1,PUPPY_DETAIL,200,https://www.pottyregisteredpuppies.com/puppies/isabella-female-1,"default index,follow",YES,2,2,DISCOVER_VIA_SITEMAP,Valid canonical URL; allow sitemap and internal-link discovery.
/puppies/isabella-female-2,PUPPY_DETAIL,200,https://www.pottyregisteredpuppies.com/puppies/isabella-female-2,"default index,follow",YES,2,2,DISCOVER_VIA_SITEMAP,Valid canonical URL; allow sitemap and internal-link discovery.
/puppies/isabella-female-3,PUPPY_DETAIL,200,https://www.pottyregisteredpuppies.com/puppies/isabella-female-3,"default index,follow",YES,2,2,DISCOVER_VIA_SITEMAP,Valid canonical URL; allow sitemap and internal-link discovery.
/puppies/isabella-female-4,PUPPY_DETAIL,200,https://www.pottyregisteredpuppies.com/puppies/isabella-female-4,"default index,follow",YES,2,2,DISCOVER_VIA_SITEMAP,Valid canonical URL; allow sitemap and internal-link discovery.
/puppies/isla-female,PUPPY_DETAIL,200,https://www.pottyregisteredpuppies.com/puppies/isla-female,"default index,follow",YES,2,2,DISCOVER_VIA_SITEMAP,Valid canonical URL; allow sitemap and internal-link discovery.
/puppies/jack-male-1,PUPPY_DETAIL,200,https://www.pottyregisteredpuppies.com/puppies/jack-male-1,"default index,follow",YES,2,2,DISCOVER_VIA_SITEMAP,Valid canonical URL; allow sitemap and internal-link discovery.
/puppies/jennie-female-1,PUPPY_DETAIL,200,https://www.pottyregisteredpuppies.com/puppies/jennie-female-1,"default index,follow",YES,2,2,DISCOVER_VIA_SITEMAP,Valid canonical URL; allow sitemap and internal-link discovery.
/puppies/jennie-female-2,PUPPY_DETAIL,200,https://www.pottyregisteredpuppies.com/puppies/jennie-female-2,"default index,follow",YES,2,2,DISCOVER_VIA_SITEMAP,Valid canonical URL; allow sitemap and internal-link discovery.
/puppies/jennie-female-3,PUPPY_DETAIL,200,https://www.pottyregisteredpuppies.com/puppies/jennie-female-3,"default index,follow",YES,2,2,DISCOVER_VIA_SITEMAP,Valid canonical URL; allow sitemap and internal-link discovery.
/puppies/jennie-female-4,PUPPY_DETAIL,200,https://www.pottyregisteredpuppies.com/puppies/jennie-female-4,"default index,follow",YES,2,2,DISCOVER_VIA_SITEMAP,Valid canonical URL; allow sitemap and internal-link discovery.
/puppies/jennie-female-5,PUPPY_DETAIL,200,https://www.pottyregisteredpuppies.com/puppies/jennie-female-5,"default index,follow",YES,2,2,DISCOVER_VIA_SITEMAP,Valid canonical URL; allow sitemap and internal-link discovery.
/puppies/jennie-female-6,PUPPY_DETAIL,200,https://www.pottyregisteredpuppies.com/puppies/jennie-female-6,"default index,follow",YES,2,2,DISCOVER_VIA_SITEMAP,Valid canonical URL; allow sitemap and internal-link discovery.
/puppies/jessica-female-10,PUPPY_DETAIL,200,https://www.pottyregisteredpuppies.com/puppies/jessica-female-10,"default index,follow",YES,2,2,DISCOVER_VIA_SITEMAP,Valid canonical URL; allow sitemap and internal-link discovery.
/puppies/jessica-female-11,PUPPY_DETAIL,200,https://www.pottyregisteredpuppies.com/puppies/jessica-female-11,"default index,follow",YES,2,2,DISCOVER_VIA_SITEMAP,Valid canonical URL; allow sitemap and internal-link discovery.
/puppies/jessica-female-4,PUPPY_DETAIL,200,https://www.pottyregisteredpuppies.com/puppies/jessica-female-4,"default index,follow",YES,2,2,DISCOVER_VIA_SITEMAP,Valid canonical URL; allow sitemap and internal-link discovery.
/puppies/jessica-female-5,PUPPY_DETAIL,200,https://www.pottyregisteredpuppies.com/puppies/jessica-female-5,"default index,follow",YES,2,2,DISCOVER_VIA_SITEMAP,Valid canonical URL; allow sitemap and internal-link discovery.
/puppies/jessica-female-6,PUPPY_DETAIL,200,https://www.pottyregisteredpuppies.com/puppies/jessica-female-6,"default index,follow",YES,2,2,DISCOVER_VIA_SITEMAP,Valid canonical URL; allow sitemap and internal-link discovery.
/puppies/jessica-female-7,PUPPY_DETAIL,200,https://www.pottyregisteredpuppies.com/puppies/jessica-female-7,"default index,follow",YES,2,2,DISCOVER_VIA_SITEMAP,Valid canonical URL; allow sitemap and internal-link discovery.
/puppies/jessica-female-8,PUPPY_DETAIL,200,https://www.pottyregisteredpuppies.com/puppies/jessica-female-8,"default index,follow",YES,2,2,DISCOVER_VIA_SITEMAP,Valid canonical URL; allow sitemap and internal-link discovery.
/puppies/jessica-female-9,PUPPY_DETAIL,200,https://www.pottyregisteredpuppies.com/puppies/jessica-female-9,"default index,follow",YES,2,2,DISCOVER_VIA_SITEMAP,Valid canonical URL; allow sitemap and internal-link discovery.
/puppies/jessie-female,PUPPY_DETAIL,200,https://www.pottyregisteredpuppies.com/puppies/jessie-female,"default index,follow",YES,2,2,DISCOVER_VIA_SITEMAP,Valid canonical URL; allow sitemap and internal-link discovery.
/puppies/jessie-female-1,PUPPY_DETAIL,200,https://www.pottyregisteredpuppies.com/puppies/jessie-female-1,"default index,follow",YES,2,2,DISCOVER_VIA_SITEMAP,Valid canonical URL; allow sitemap and internal-link discovery.
/puppies/jessie-female-2,PUPPY_DETAIL,200,https://www.pottyregisteredpuppies.com/puppies/jessie-female-2,"default index,follow",YES,2,2,DISCOVER_VIA_SITEMAP,Valid canonical URL; allow sitemap and internal-link discovery.
/puppies/jessie-female-3,PUPPY_DETAIL,200,https://www.pottyregisteredpuppies.com/puppies/jessie-female-3,"default index,follow",YES,2,3,DISCOVER_VIA_SITEMAP,Valid canonical URL; allow sitemap and internal-link discovery.
/puppies/knox-male,PUPPY_DETAIL,200,https://www.pottyregisteredpuppies.com/puppies/knox-male,"default index,follow",YES,2,2,DISCOVER_VIA_SITEMAP,Valid canonical URL; allow sitemap and internal-link discovery.
/puppies/koda-male,PUPPY_DETAIL,200,https://www.pottyregisteredpuppies.com/puppies/koda-male,"default index,follow",YES,2,2,DISCOVER_VIA_SITEMAP,Valid canonical URL; allow sitemap and internal-link discovery.
/puppies/koda-male-1,PUPPY_DETAIL,200,https://www.pottyregisteredpuppies.com/puppies/koda-male-1,"default index,follow",YES,2,3,DISCOVER_VIA_SITEMAP,Valid canonical URL; allow sitemap and internal-link discovery.
/puppies/kofi-male-1,PUPPY_DETAIL,200,https://www.pottyregisteredpuppies.com/puppies/kofi-male-1,"default index,follow",YES,2,2,DISCOVER_VIA_SITEMAP,Valid canonical URL; allow sitemap and internal-link discovery.
/puppies/kofi-male-2,PUPPY_DETAIL,200,https://www.pottyregisteredpuppies.com/puppies/kofi-male-2,"default index,follow",YES,2,2,DISCOVER_VIA_SITEMAP,Valid canonical URL; allow sitemap and internal-link discovery.
/puppies/kofi-male-3,PUPPY_DETAIL,200,https://www.pottyregisteredpuppies.com/puppies/kofi-male-3,"default index,follow",YES,2,2,DISCOVER_VIA_SITEMAP,Valid canonical URL; allow sitemap and internal-link discovery.
/puppies/kofi-male-4,PUPPY_DETAIL,200,https://www.pottyregisteredpuppies.com/puppies/kofi-male-4,"default index,follow",YES,2,2,DISCOVER_VIA_SITEMAP,Valid canonical URL; allow sitemap and internal-link discovery.
/puppies/kyle-male-3,PUPPY_DETAIL,200,https://www.pottyregisteredpuppies.com/puppies/kyle-male-3,"default index,follow",YES,2,2,DISCOVER_VIA_SITEMAP,Valid canonical URL; allow sitemap and internal-link discovery.
/puppies/kyle-male-4,PUPPY_DETAIL,200,https://www.pottyregisteredpuppies.com/puppies/kyle-male-4,"default index,follow",YES,2,2,DISCOVER_VIA_SITEMAP,Valid canonical URL; allow sitemap and internal-link discovery.
/puppies/kyle-male-5,PUPPY_DETAIL,200,https://www.pottyregisteredpuppies.com/puppies/kyle-male-5,"default index,follow",YES,2,2,DISCOVER_VIA_SITEMAP,Valid canonical URL; allow sitemap and internal-link discovery.
/puppies/kyle-male-6,PUPPY_DETAIL,200,https://www.pottyregisteredpuppies.com/puppies/kyle-male-6,"default index,follow",YES,2,2,DISCOVER_VIA_SITEMAP,Valid canonical URL; allow sitemap and internal-link discovery.
/puppies/lady-female,PUPPY_DETAIL,200,https://www.pottyregisteredpuppies.com/puppies/lady-female,"default index,follow",YES,2,2,DISCOVER_VIA_SITEMAP,Valid canonical URL; allow sitemap and internal-link discovery.
/puppies/lala-female-2,PUPPY_DETAIL,200,https://www.pottyregisteredpuppies.com/puppies/lala-female-2,"default index,follow",YES,2,2,DISCOVER_VIA_SITEMAP,Valid canonical URL; allow sitemap and internal-link discovery.
/puppies/lala-female-3,PUPPY_DETAIL,200,https://www.pottyregisteredpuppies.com/puppies/lala-female-3,"default index,follow",YES,2,2,DISCOVER_VIA_SITEMAP,Valid canonical URL; allow sitemap and internal-link discovery.
/puppies/lala-female-4,PUPPY_DETAIL,200,https://www.pottyregisteredpuppies.com/puppies/lala-female-4,"default index,follow",YES,2,2,DISCOVER_VIA_SITEMAP,Valid canonical URL; allow sitemap and internal-link discovery.
/puppies/lala-female-5,PUPPY_DETAIL,200,https://www.pottyregisteredpuppies.com/puppies/lala-female-5,"default index,follow",YES,2,2,DISCOVER_VIA_SITEMAP,Valid canonical URL; allow sitemap and internal-link discovery.
/puppies/leo-male-3,PUPPY_DETAIL,200,https://www.pottyregisteredpuppies.com/puppies/leo-male-3,"default index,follow",YES,2,2,DISCOVER_VIA_SITEMAP,Valid canonical URL; allow sitemap and internal-link discovery.
/puppies/liliana-female,PUPPY_DETAIL,200,https://www.pottyregisteredpuppies.com/puppies/liliana-female,"default index,follow",YES,2,2,DISCOVER_VIA_SITEMAP,Valid canonical URL; allow sitemap and internal-link discovery.
/puppies/lily-female-1,PUPPY_DETAIL,200,https://www.pottyregisteredpuppies.com/puppies/lily-female-1,"default index,follow",YES,2,2,DISCOVER_VIA_SITEMAP,Valid canonical URL; allow sitemap and internal-link discovery.
/puppies/lola-female,PUPPY_DETAIL,200,https://www.pottyregisteredpuppies.com/puppies/lola-female,"default index,follow",YES,2,3,DISCOVER_VIA_SITEMAP,Valid canonical URL; allow sitemap and internal-link discovery.
/puppies/louis-male,PUPPY_DETAIL,200,https://www.pottyregisteredpuppies.com/puppies/louis-male,"default index,follow",YES,2,5,DISCOVER_VIA_SITEMAP,Valid canonical URL; allow sitemap and internal-link discovery.
/puppies/luca-male,PUPPY_DETAIL,200,https://www.pottyregisteredpuppies.com/puppies/luca-male,"default index,follow",YES,2,2,DISCOVER_VIA_SITEMAP,Valid canonical URL; allow sitemap and internal-link discovery.
/puppies/lucky-male-1,PUPPY_DETAIL,200,https://www.pottyregisteredpuppies.com/puppies/lucky-male-1,"default index,follow",YES,2,2,DISCOVER_VIA_SITEMAP,Valid canonical URL; allow sitemap and internal-link discovery.
/puppies/lucky-male-2,PUPPY_DETAIL,200,https://www.pottyregisteredpuppies.com/puppies/lucky-male-2,"default index,follow",YES,2,2,DISCOVER_VIA_SITEMAP,Valid canonical URL; allow sitemap and internal-link discovery.
/puppies/lulu-female,PUPPY_DETAIL,200,https://www.pottyregisteredpuppies.com/puppies/lulu-female,"default index,follow",YES,2,2,DISCOVER_VIA_SITEMAP,Valid canonical URL; allow sitemap and internal-link discovery.
/puppies/lulu-female-1,PUPPY_DETAIL,200,https://www.pottyregisteredpuppies.com/puppies/lulu-female-1,"default index,follow",YES,1,2,DISCOVER_VIA_SITEMAP,Valid canonical URL; allow sitemap and internal-link discovery.
/puppies/luna-female,PUPPY_DETAIL,200,https://www.pottyregisteredpuppies.com/puppies/luna-female,"default index,follow",YES,2,2,DISCOVER_VIA_SITEMAP,Valid canonical URL; allow sitemap and internal-link discovery.
/puppies/luna-female-1,PUPPY_DETAIL,200,https://www.pottyregisteredpuppies.com/puppies/luna-female-1,"default index,follow",YES,2,2,DISCOVER_VIA_SITEMAP,Valid canonical URL; allow sitemap and internal-link discovery.
/puppies/luna-female-2,PUPPY_DETAIL,200,https://www.pottyregisteredpuppies.com/puppies/luna-female-2,"default index,follow",YES,2,2,DISCOVER_VIA_SITEMAP,Valid canonical URL; allow sitemap and internal-link discovery.
/puppies/luna-female-4,PUPPY_DETAIL,200,https://www.pottyregisteredpuppies.com/puppies/luna-female-4,"default index,follow",YES,2,2,DISCOVER_VIA_SITEMAP,Valid canonical URL; allow sitemap and internal-link discovery.
/puppies/lyra-female-4,PUPPY_DETAIL,200,https://www.pottyregisteredpuppies.com/puppies/lyra-female-4,"default index,follow",YES,2,2,DISCOVER_VIA_SITEMAP,Valid canonical URL; allow sitemap and internal-link discovery.
/puppies/lyra-female-5,PUPPY_DETAIL,200,https://www.pottyregisteredpuppies.com/puppies/lyra-female-5,"default index,follow",YES,2,2,DISCOVER_VIA_SITEMAP,Valid canonical URL; allow sitemap and internal-link discovery.
/puppies/lyra-female-6,PUPPY_DETAIL,200,https://www.pottyregisteredpuppies.com/puppies/lyra-female-6,"default index,follow",YES,2,2,DISCOVER_VIA_SITEMAP,Valid canonical URL; allow sitemap and internal-link discovery.
/puppies/lyra-female-7,PUPPY_DETAIL,200,https://www.pottyregisteredpuppies.com/puppies/lyra-female-7,"default index,follow",YES,2,2,DISCOVER_VIA_SITEMAP,Valid canonical URL; allow sitemap and internal-link discovery.
/puppies/lyra-female-8,PUPPY_DETAIL,200,https://www.pottyregisteredpuppies.com/puppies/lyra-female-8,"default index,follow",YES,2,2,DISCOVER_VIA_SITEMAP,Valid canonical URL; allow sitemap and internal-link discovery.
/puppies/maggie-female-4,PUPPY_DETAIL,200,https://www.pottyregisteredpuppies.com/puppies/maggie-female-4,"default index,follow",YES,2,2,DISCOVER_VIA_SITEMAP,Valid canonical URL; allow sitemap and internal-link discovery.
/puppies/maggie-female-5,PUPPY_DETAIL,200,https://www.pottyregisteredpuppies.com/puppies/maggie-female-5,"default index,follow",YES,2,2,DISCOVER_VIA_SITEMAP,Valid canonical URL; allow sitemap and internal-link discovery.
/puppies/marble-male,PUPPY_DETAIL,200,https://www.pottyregisteredpuppies.com/puppies/marble-male,"default index,follow",YES,2,2,DISCOVER_VIA_SITEMAP,Valid canonical URL; allow sitemap and internal-link discovery.
/puppies/marco-male-1,PUPPY_DETAIL,200,https://www.pottyregisteredpuppies.com/puppies/marco-male-1,"default index,follow",YES,2,2,DISCOVER_VIA_SITEMAP,Valid canonical URL; allow sitemap and internal-link discovery.
/puppies/marco-male-2,PUPPY_DETAIL,200,https://www.pottyregisteredpuppies.com/puppies/marco-male-2,"default index,follow",YES,2,2,DISCOVER_VIA_SITEMAP,Valid canonical URL; allow sitemap and internal-link discovery.
/puppies/marco-male-3,PUPPY_DETAIL,200,https://www.pottyregisteredpuppies.com/puppies/marco-male-3,"default index,follow",YES,2,2,DISCOVER_VIA_SITEMAP,Valid canonical URL; allow sitemap and internal-link discovery.
/puppies/marshmallow-male,PUPPY_DETAIL,200,https://www.pottyregisteredpuppies.com/puppies/marshmallow-male,"default index,follow",YES,2,2,DISCOVER_VIA_SITEMAP,Valid canonical URL; allow sitemap and internal-link discovery.
/puppies/marshy-male,PUPPY_DETAIL,200,https://www.pottyregisteredpuppies.com/puppies/marshy-male,"default index,follow",YES,2,2,DISCOVER_VIA_SITEMAP,Valid canonical URL; allow sitemap and internal-link discovery.
/puppies/mason-male-2,PUPPY_DETAIL,200,https://www.pottyregisteredpuppies.com/puppies/mason-male-2,"default index,follow",YES,2,5,DISCOVER_VIA_SITEMAP,Valid canonical URL; allow sitemap and internal-link discovery.
/puppies/mauve-female,PUPPY_DETAIL,200,https://www.pottyregisteredpuppies.com/puppies/mauve-female,"default index,follow",YES,2,3,DISCOVER_VIA_SITEMAP,Valid canonical URL; allow sitemap and internal-link discovery.
/puppies/melina-female-3,PUPPY_DETAIL,200,https://www.pottyregisteredpuppies.com/puppies/melina-female-3,"default index,follow",YES,2,2,DISCOVER_VIA_SITEMAP,Valid canonical URL; allow sitemap and internal-link discovery.
/puppies/melina-female-4,PUPPY_DETAIL,200,https://www.pottyregisteredpuppies.com/puppies/melina-female-4,"default index,follow",YES,2,2,DISCOVER_VIA_SITEMAP,Valid canonical URL; allow sitemap and internal-link discovery.
/puppies/melna-female,PUPPY_DETAIL,200,https://www.pottyregisteredpuppies.com/puppies/melna-female,"default index,follow",YES,2,2,DISCOVER_VIA_SITEMAP,Valid canonical URL; allow sitemap and internal-link discovery.
/puppies/milo-male-10,PUPPY_DETAIL,200,https://www.pottyregisteredpuppies.com/puppies/milo-male-10,"default index,follow",YES,2,2,DISCOVER_VIA_SITEMAP,Valid canonical URL; allow sitemap and internal-link discovery.
/puppies/milo-male-11,PUPPY_DETAIL,200,https://www.pottyregisteredpuppies.com/puppies/milo-male-11,"default index,follow",YES,2,2,DISCOVER_VIA_SITEMAP,Valid canonical URL; allow sitemap and internal-link discovery.
/puppies/milo-male-6,PUPPY_DETAIL,200,https://www.pottyregisteredpuppies.com/puppies/milo-male-6,"default index,follow",YES,2,2,DISCOVER_VIA_SITEMAP,Valid canonical URL; allow sitemap and internal-link discovery.
/puppies/milo-male-7,PUPPY_DETAIL,200,https://www.pottyregisteredpuppies.com/puppies/milo-male-7,"default index,follow",YES,2,2,DISCOVER_VIA_SITEMAP,Valid canonical URL; allow sitemap and internal-link discovery.
/puppies/milo-male-8,PUPPY_DETAIL,200,https://www.pottyregisteredpuppies.com/puppies/milo-male-8,"default index,follow",YES,2,2,DISCOVER_VIA_SITEMAP,Valid canonical URL; allow sitemap and internal-link discovery.
/puppies/milo-male-9,PUPPY_DETAIL,200,https://www.pottyregisteredpuppies.com/puppies/milo-male-9,"default index,follow",YES,2,3,DISCOVER_VIA_SITEMAP,Valid canonical URL; allow sitemap and internal-link discovery.
/puppies/mimi-female,PUPPY_DETAIL,200,https://www.pottyregisteredpuppies.com/puppies/mimi-female,"default index,follow",YES,2,2,DISCOVER_VIA_SITEMAP,Valid canonical URL; allow sitemap and internal-link discovery.
/puppies/misty-female,PUPPY_DETAIL,200,https://www.pottyregisteredpuppies.com/puppies/misty-female,"default index,follow",YES,2,2,DISCOVER_VIA_SITEMAP,Valid canonical URL; allow sitemap and internal-link discovery.
/puppies/mitch-male-1,PUPPY_DETAIL,200,https://www.pottyregisteredpuppies.com/puppies/mitch-male-1,"default index,follow",YES,2,2,DISCOVER_VIA_SITEMAP,Valid canonical URL; allow sitemap and internal-link discovery.
/puppies/mitch-male-2,PUPPY_DETAIL,200,https://www.pottyregisteredpuppies.com/puppies/mitch-male-2,"default index,follow",YES,2,2,DISCOVER_VIA_SITEMAP,Valid canonical URL; allow sitemap and internal-link discovery.
/puppies/mocha-female,PUPPY_DETAIL,200,https://www.pottyregisteredpuppies.com/puppies/mocha-female,"default index,follow",YES,2,2,DISCOVER_VIA_SITEMAP,Valid canonical URL; allow sitemap and internal-link discovery.
/puppies/mochi-female-2,PUPPY_DETAIL,200,https://www.pottyregisteredpuppies.com/puppies/mochi-female-2,"default index,follow",YES,2,2,DISCOVER_VIA_SITEMAP,Valid canonical URL; allow sitemap and internal-link discovery.
/puppies/mochi-female-3,PUPPY_DETAIL,200,https://www.pottyregisteredpuppies.com/puppies/mochi-female-3,"default index,follow",YES,2,2,DISCOVER_VIA_SITEMAP,Valid canonical URL; allow sitemap and internal-link discovery.
/puppies/mochi-female-4,PUPPY_DETAIL,200,https://www.pottyregisteredpuppies.com/puppies/mochi-female-4,"default index,follow",YES,2,2,DISCOVER_VIA_SITEMAP,Valid canonical URL; allow sitemap and internal-link discovery.
/puppies/mochi-female-5,PUPPY_DETAIL,200,https://www.pottyregisteredpuppies.com/puppies/mochi-female-5,"default index,follow",YES,2,2,DISCOVER_VIA_SITEMAP,Valid canonical URL; allow sitemap and internal-link discovery.
/puppies/mochi-female-6,PUPPY_DETAIL,200,https://www.pottyregisteredpuppies.com/puppies/mochi-female-6,"default index,follow",YES,2,2,DISCOVER_VIA_SITEMAP,Valid canonical URL; allow sitemap and internal-link discovery.
/puppies/mochi-female-7,PUPPY_DETAIL,200,https://www.pottyregisteredpuppies.com/puppies/mochi-female-7,"default index,follow",YES,2,2,DISCOVER_VIA_SITEMAP,Valid canonical URL; allow sitemap and internal-link discovery.
/puppies/mochi-female-8,PUPPY_DETAIL,200,https://www.pottyregisteredpuppies.com/puppies/mochi-female-8,"default index,follow",YES,2,2,DISCOVER_VIA_SITEMAP,Valid canonical URL; allow sitemap and internal-link discovery.
/puppies/mochi-female-9,PUPPY_DETAIL,200,https://www.pottyregisteredpuppies.com/puppies/mochi-female-9,"default index,follow",YES,2,5,DISCOVER_VIA_SITEMAP,Valid canonical URL; allow sitemap and internal-link discovery.
/puppies/mochi-male-2,PUPPY_DETAIL,200,https://www.pottyregisteredpuppies.com/puppies/mochi-male-2,"default index,follow",YES,2,2,DISCOVER_VIA_SITEMAP,Valid canonical URL; allow sitemap and internal-link discovery.
/puppies/molly-female-3,PUPPY_DETAIL,200,https://www.pottyregisteredpuppies.com/puppies/molly-female-3,"default index,follow",YES,2,3,DISCOVER_VIA_SITEMAP,Valid canonical URL; allow sitemap and internal-link discovery.
/puppies/monty-male-4,PUPPY_DETAIL,200,https://www.pottyregisteredpuppies.com/puppies/monty-male-4,"default index,follow",YES,2,2,DISCOVER_VIA_SITEMAP,Valid canonical URL; allow sitemap and internal-link discovery.
/puppies/monty-male-5,PUPPY_DETAIL,200,https://www.pottyregisteredpuppies.com/puppies/monty-male-5,"default index,follow",YES,2,2,DISCOVER_VIA_SITEMAP,Valid canonical URL; allow sitemap and internal-link discovery.
/puppies/monty-male-6,PUPPY_DETAIL,200,https://www.pottyregisteredpuppies.com/puppies/monty-male-6,"default index,follow",YES,2,2,DISCOVER_VIA_SITEMAP,Valid canonical URL; allow sitemap and internal-link discovery.
/puppies/myles-male-2,PUPPY_DETAIL,200,https://www.pottyregisteredpuppies.com/puppies/myles-male-2,"default index,follow",YES,2,2,DISCOVER_VIA_SITEMAP,Valid canonical URL; allow sitemap and internal-link discovery.
/puppies/myles-male-3,PUPPY_DETAIL,200,https://www.pottyregisteredpuppies.com/puppies/myles-male-3,"default index,follow",YES,2,2,DISCOVER_VIA_SITEMAP,Valid canonical URL; allow sitemap and internal-link discovery.
/puppies/myles-male-4,PUPPY_DETAIL,200,https://www.pottyregisteredpuppies.com/puppies/myles-male-4,"default index,follow",YES,2,2,DISCOVER_VIA_SITEMAP,Valid canonical URL; allow sitemap and internal-link discovery.
/puppies/myles-male-5,PUPPY_DETAIL,200,https://www.pottyregisteredpuppies.com/puppies/myles-male-5,"default index,follow",YES,2,2,DISCOVER_VIA_SITEMAP,Valid canonical URL; allow sitemap and internal-link discovery.
/puppies/myles-male-6,PUPPY_DETAIL,200,https://www.pottyregisteredpuppies.com/puppies/myles-male-6,"default index,follow",YES,2,2,DISCOVER_VIA_SITEMAP,Valid canonical URL; allow sitemap and internal-link discovery.
/puppies/myles-male-7,PUPPY_DETAIL,200,https://www.pottyregisteredpuppies.com/puppies/myles-male-7,"default index,follow",YES,2,2,DISCOVER_VIA_SITEMAP,Valid canonical URL; allow sitemap and internal-link discovery.
/puppies/nala-female-1,PUPPY_DETAIL,200,https://www.pottyregisteredpuppies.com/puppies/nala-female-1,"default index,follow",YES,2,2,DISCOVER_VIA_SITEMAP,Valid canonical URL; allow sitemap and internal-link discovery.
/puppies/nana-female-1,PUPPY_DETAIL,200,https://www.pottyregisteredpuppies.com/puppies/nana-female-1,"default index,follow",YES,2,2,DISCOVER_VIA_SITEMAP,Valid canonical URL; allow sitemap and internal-link discovery.
/puppies/new-babies-6,PUPPY_DETAIL,200,https://www.pottyregisteredpuppies.com/puppies/new-babies-6,"default index,follow",YES,2,2,DISCOVER_VIA_SITEMAP,Valid canonical URL; allow sitemap and internal-link discovery.
/puppies/nico-male,PUPPY_DETAIL,200,https://www.pottyregisteredpuppies.com/puppies/nico-male,"default index,follow",YES,2,2,DISCOVER_VIA_SITEMAP,Valid canonical URL; allow sitemap and internal-link discovery.
/puppies/noa-female,PUPPY_DETAIL,200,https://www.pottyregisteredpuppies.com/puppies/noa-female,"default index,follow",YES,2,2,DISCOVER_VIA_SITEMAP,Valid canonical URL; allow sitemap and internal-link discovery.
/puppies/noah-male,PUPPY_DETAIL,200,https://www.pottyregisteredpuppies.com/puppies/noah-male,"default index,follow",YES,2,2,DISCOVER_VIA_SITEMAP,Valid canonical URL; allow sitemap and internal-link discovery.
/puppies/noah-male-1,PUPPY_DETAIL,200,https://www.pottyregisteredpuppies.com/puppies/noah-male-1,"default index,follow",YES,2,2,DISCOVER_VIA_SITEMAP,Valid canonical URL; allow sitemap and internal-link discovery.
/puppies/noir-male,PUPPY_DETAIL,200,https://www.pottyregisteredpuppies.com/puppies/noir-male,"default index,follow",YES,2,2,DISCOVER_VIA_SITEMAP,Valid canonical URL; allow sitemap and internal-link discovery.
/puppies/nola-female,PUPPY_DETAIL,200,https://www.pottyregisteredpuppies.com/puppies/nola-female,"default index,follow",YES,2,2,DISCOVER_VIA_SITEMAP,Valid canonical URL; allow sitemap and internal-link discovery.
/puppies/nova-female,PUPPY_DETAIL,200,https://www.pottyregisteredpuppies.com/puppies/nova-female,"default index,follow",YES,2,2,DISCOVER_VIA_SITEMAP,Valid canonical URL; allow sitemap and internal-link discovery.
/puppies/nova-female-2,PUPPY_DETAIL,200,https://www.pottyregisteredpuppies.com/puppies/nova-female-2,"default index,follow",YES,2,3,DISCOVER_VIA_SITEMAP,Valid canonical URL; allow sitemap and internal-link discovery.
/puppies/nova-female-3,PUPPY_DETAIL,200,https://www.pottyregisteredpuppies.com/puppies/nova-female-3,"default index,follow",YES,2,2,DISCOVER_VIA_SITEMAP,Valid canonical URL; allow sitemap and internal-link discovery.
/puppies/nugget-male-1,PUPPY_DETAIL,200,https://www.pottyregisteredpuppies.com/puppies/nugget-male-1,"default index,follow",YES,2,2,DISCOVER_VIA_SITEMAP,Valid canonical URL; allow sitemap and internal-link discovery.
/puppies/nugget-male-2,PUPPY_DETAIL,200,https://www.pottyregisteredpuppies.com/puppies/nugget-male-2,"default index,follow",YES,2,2,DISCOVER_VIA_SITEMAP,Valid canonical URL; allow sitemap and internal-link discovery.
/puppies/nugget-male-3,PUPPY_DETAIL,200,https://www.pottyregisteredpuppies.com/puppies/nugget-male-3,"default index,follow",YES,2,2,DISCOVER_VIA_SITEMAP,Valid canonical URL; allow sitemap and internal-link discovery.
/puppies/nutella-female,PUPPY_DETAIL,200,https://www.pottyregisteredpuppies.com/puppies/nutella-female,"default index,follow",YES,2,2,DISCOVER_VIA_SITEMAP,Valid canonical URL; allow sitemap and internal-link discovery.
/puppies/nutella-female-1,PUPPY_DETAIL,200,https://www.pottyregisteredpuppies.com/puppies/nutella-female-1,"default index,follow",YES,2,2,DISCOVER_VIA_SITEMAP,Valid canonical URL; allow sitemap and internal-link discovery.
/puppies/nutella-male,PUPPY_DETAIL,200,https://www.pottyregisteredpuppies.com/puppies/nutella-male,"default index,follow",YES,2,2,DISCOVER_VIA_SITEMAP,Valid canonical URL; allow sitemap and internal-link discovery.
/puppies/olivia-female,PUPPY_DETAIL,200,https://www.pottyregisteredpuppies.com/puppies/olivia-female,"default index,follow",YES,2,2,DISCOVER_VIA_SITEMAP,Valid canonical URL; allow sitemap and internal-link discovery.
/puppies/onyx-male-1,PUPPY_DETAIL,200,https://www.pottyregisteredpuppies.com/puppies/onyx-male-1,"default index,follow",YES,2,2,DISCOVER_VIA_SITEMAP,Valid canonical URL; allow sitemap and internal-link discovery.
/puppies/oreo-male-1,PUPPY_DETAIL,200,https://www.pottyregisteredpuppies.com/puppies/oreo-male-1,"default index,follow",YES,2,2,DISCOVER_VIA_SITEMAP,Valid canonical URL; allow sitemap and internal-link discovery.
/puppies/oreo-male-2,PUPPY_DETAIL,200,https://www.pottyregisteredpuppies.com/puppies/oreo-male-2,"default index,follow",YES,2,3,DISCOVER_VIA_SITEMAP,Valid canonical URL; allow sitemap and internal-link discovery.
/puppies/oreo-male-3,PUPPY_DETAIL,200,https://www.pottyregisteredpuppies.com/puppies/oreo-male-3,"default index,follow",YES,2,5,DISCOVER_VIA_SITEMAP,Valid canonical URL; allow sitemap and internal-link discovery.
/puppies/oscar-male-3,PUPPY_DETAIL,200,https://www.pottyregisteredpuppies.com/puppies/oscar-male-3,"default index,follow",YES,2,2,DISCOVER_VIA_SITEMAP,Valid canonical URL; allow sitemap and internal-link discovery.
/puppies/oscar-male-4,PUPPY_DETAIL,200,https://www.pottyregisteredpuppies.com/puppies/oscar-male-4,"default index,follow",YES,2,2,DISCOVER_VIA_SITEMAP,Valid canonical URL; allow sitemap and internal-link discovery.
/puppies/oscar-male-5,PUPPY_DETAIL,200,https://www.pottyregisteredpuppies.com/puppies/oscar-male-5,"default index,follow",YES,2,2,DISCOVER_VIA_SITEMAP,Valid canonical URL; allow sitemap and internal-link discovery.
/puppies/oscar-male-6,PUPPY_DETAIL,200,https://www.pottyregisteredpuppies.com/puppies/oscar-male-6,"default index,follow",YES,2,5,DISCOVER_VIA_SITEMAP,Valid canonical URL; allow sitemap and internal-link discovery.
/puppies/oscar-male-7,PUPPY_DETAIL,200,https://www.pottyregisteredpuppies.com/puppies/oscar-male-7,"default index,follow",YES,1,2,DISCOVER_VIA_SITEMAP,Valid canonical URL; allow sitemap and internal-link discovery.
/puppies/osita-female,PUPPY_DETAIL,200,https://www.pottyregisteredpuppies.com/puppies/osita-female,"default index,follow",YES,2,2,DISCOVER_VIA_SITEMAP,Valid canonical URL; allow sitemap and internal-link discovery.
/puppies/panda-male-1,PUPPY_DETAIL,200,https://www.pottyregisteredpuppies.com/puppies/panda-male-1,"default index,follow",YES,2,2,DISCOVER_VIA_SITEMAP,Valid canonical URL; allow sitemap and internal-link discovery.
/puppies/pico-male,PUPPY_DETAIL,200,https://www.pottyregisteredpuppies.com/puppies/pico-male,"default index,follow",YES,2,2,DISCOVER_VIA_SITEMAP,Valid canonical URL; allow sitemap and internal-link discovery.
/puppies/piper-male-3,PUPPY_DETAIL,200,https://www.pottyregisteredpuppies.com/puppies/piper-male-3,"default index,follow",YES,2,2,DISCOVER_VIA_SITEMAP,Valid canonical URL; allow sitemap and internal-link discovery.
/puppies/pippa-female,PUPPY_DETAIL,200,https://www.pottyregisteredpuppies.com/puppies/pippa-female,"default index,follow",YES,2,3,DISCOVER_VIA_SITEMAP,Valid canonical URL; allow sitemap and internal-link discovery.
/puppies/pippa-female-2,PUPPY_DETAIL,200,https://www.pottyregisteredpuppies.com/puppies/pippa-female-2,"default index,follow",YES,2,2,DISCOVER_VIA_SITEMAP,Valid canonical URL; allow sitemap and internal-link discovery.
/puppies/pommy-male-2,PUPPY_DETAIL,200,https://www.pottyregisteredpuppies.com/puppies/pommy-male-2,"default index,follow",YES,2,2,DISCOVER_VIA_SITEMAP,Valid canonical URL; allow sitemap and internal-link discovery.
/puppies/pomy-female-1,PUPPY_DETAIL,200,https://www.pottyregisteredpuppies.com/puppies/pomy-female-1,"default index,follow",YES,2,2,DISCOVER_VIA_SITEMAP,Valid canonical URL; allow sitemap and internal-link discovery.
/puppies/poodles,PUPPY_DETAIL,200,https://www.pottyregisteredpuppies.com/puppies/poodles,"default index,follow",YES,2,2,DISCOVER_VIA_SITEMAP,Valid canonical URL; allow sitemap and internal-link discovery.
/puppies/puff-female-2,PUPPY_DETAIL,200,https://www.pottyregisteredpuppies.com/puppies/puff-female-2,"default index,follow",YES,2,2,DISCOVER_VIA_SITEMAP,Valid canonical URL; allow sitemap and internal-link discovery.
/puppies/puff-female-3,PUPPY_DETAIL,200,https://www.pottyregisteredpuppies.com/puppies/puff-female-3,"default index,follow",YES,2,5,DISCOVER_VIA_SITEMAP,Valid canonical URL; allow sitemap and internal-link discovery.
/puppies/puffin-female-2,PUPPY_DETAIL,200,https://www.pottyregisteredpuppies.com/puppies/puffin-female-2,"default index,follow",YES,2,2,DISCOVER_VIA_SITEMAP,Valid canonical URL; allow sitemap and internal-link discovery.
/puppies/puffin-female-3,PUPPY_DETAIL,200,https://www.pottyregisteredpuppies.com/puppies/puffin-female-3,"default index,follow",YES,2,2,DISCOVER_VIA_SITEMAP,Valid canonical URL; allow sitemap and internal-link discovery.
/puppies/puffin-female-4,PUPPY_DETAIL,200,https://www.pottyregisteredpuppies.com/puppies/puffin-female-4,"default index,follow",YES,2,2,DISCOVER_VIA_SITEMAP,Valid canonical URL; allow sitemap and internal-link discovery.
/puppies/reese-male,PUPPY_DETAIL,200,https://www.pottyregisteredpuppies.com/puppies/reese-male,"default index,follow",YES,2,2,DISCOVER_VIA_SITEMAP,Valid canonical URL; allow sitemap and internal-link discovery.
/puppies/rex-male,PUPPY_DETAIL,200,https://www.pottyregisteredpuppies.com/puppies/rex-male,"default index,follow",YES,2,2,DISCOVER_VIA_SITEMAP,Valid canonical URL; allow sitemap and internal-link discovery.
/puppies/rocko-male-2,PUPPY_DETAIL,200,https://www.pottyregisteredpuppies.com/puppies/rocko-male-2,"default index,follow",YES,2,4,DISCOVER_VIA_SITEMAP,Valid canonical URL; allow sitemap and internal-link discovery.
/puppies/rose-female-1,PUPPY_DETAIL,200,https://www.pottyregisteredpuppies.com/puppies/rose-female-1,"default index,follow",YES,2,2,DISCOVER_VIA_SITEMAP,Valid canonical URL; allow sitemap and internal-link discovery.
/puppies/rose-female-2,PUPPY_DETAIL,200,https://www.pottyregisteredpuppies.com/puppies/rose-female-2,"default index,follow",YES,2,2,DISCOVER_VIA_SITEMAP,Valid canonical URL; allow sitemap and internal-link discovery.
/puppies/rosie-female-2,PUPPY_DETAIL,200,https://www.pottyregisteredpuppies.com/puppies/rosie-female-2,"default index,follow",YES,2,2,DISCOVER_VIA_SITEMAP,Valid canonical URL; allow sitemap and internal-link discovery.
/puppies/roxy-female-4,PUPPY_DETAIL,200,https://www.pottyregisteredpuppies.com/puppies/roxy-female-4,"default index,follow",YES,2,2,DISCOVER_VIA_SITEMAP,Valid canonical URL; allow sitemap and internal-link discovery.
/puppies/roxy-female-6,PUPPY_DETAIL,200,https://www.pottyregisteredpuppies.com/puppies/roxy-female-6,"default index,follow",YES,2,2,DISCOVER_VIA_SITEMAP,Valid canonical URL; allow sitemap and internal-link discovery.
/puppies/roxy-female-7,PUPPY_DETAIL,200,https://www.pottyregisteredpuppies.com/puppies/roxy-female-7,"default index,follow",YES,2,2,DISCOVER_VIA_SITEMAP,Valid canonical URL; allow sitemap and internal-link discovery.
/puppies/ryder-male,PUPPY_DETAIL,200,https://www.pottyregisteredpuppies.com/puppies/ryder-male,"default index,follow",YES,2,2,DISCOVER_VIA_SITEMAP,Valid canonical URL; allow sitemap and internal-link discovery.
/puppies/sammy-male,PUPPY_DETAIL,200,https://www.pottyregisteredpuppies.com/puppies/sammy-male,"default index,follow",YES,2,2,DISCOVER_VIA_SITEMAP,Valid canonical URL; allow sitemap and internal-link discovery.
/puppies/sandy-male,PUPPY_DETAIL,200,https://www.pottyregisteredpuppies.com/puppies/sandy-male,"default index,follow",YES,2,2,DISCOVER_VIA_SITEMAP,Valid canonical URL; allow sitemap and internal-link discovery.
/puppies/scarlet-female-1,PUPPY_DETAIL,200,https://www.pottyregisteredpuppies.com/puppies/scarlet-female-1,"default index,follow",YES,2,2,DISCOVER_VIA_SITEMAP,Valid canonical URL; allow sitemap and internal-link discovery.
/puppies/scarlet-female-2,PUPPY_DETAIL,200,https://www.pottyregisteredpuppies.com/puppies/scarlet-female-2,"default index,follow",YES,2,2,DISCOVER_VIA_SITEMAP,Valid canonical URL; allow sitemap and internal-link discovery.
/puppies/selene-female,PUPPY_DETAIL,200,https://www.pottyregisteredpuppies.com/puppies/selene-female,"default index,follow",YES,2,2,DISCOVER_VIA_SITEMAP,Valid canonical URL; allow sitemap and internal-link discovery.
/puppies/sienna-female,PUPPY_DETAIL,200,https://www.pottyregisteredpuppies.com/puppies/sienna-female,"default index,follow",YES,2,2,DISCOVER_VIA_SITEMAP,Valid canonical URL; allow sitemap and internal-link discovery.
/puppies/sienna-female-1,PUPPY_DETAIL,200,https://www.pottyregisteredpuppies.com/puppies/sienna-female-1,"default index,follow",YES,2,2,DISCOVER_VIA_SITEMAP,Valid canonical URL; allow sitemap and internal-link discovery.
/puppies/sienna-female-2,PUPPY_DETAIL,200,https://www.pottyregisteredpuppies.com/puppies/sienna-female-2,"default index,follow",YES,2,2,DISCOVER_VIA_SITEMAP,Valid canonical URL; allow sitemap and internal-link discovery.
/puppies/sienna-female-3,PUPPY_DETAIL,200,https://www.pottyregisteredpuppies.com/puppies/sienna-female-3,"default index,follow",YES,2,2,DISCOVER_VIA_SITEMAP,Valid canonical URL; allow sitemap and internal-link discovery.
/puppies/sienna-female-4,PUPPY_DETAIL,200,https://www.pottyregisteredpuppies.com/puppies/sienna-female-4,"default index,follow",YES,2,2,DISCOVER_VIA_SITEMAP,Valid canonical URL; allow sitemap and internal-link discovery.
/puppies/sienna-female-5,PUPPY_DETAIL,200,https://www.pottyregisteredpuppies.com/puppies/sienna-female-5,"default index,follow",YES,2,2,DISCOVER_VIA_SITEMAP,Valid canonical URL; allow sitemap and internal-link discovery.
/puppies/sienna-female-6,PUPPY_DETAIL,200,https://www.pottyregisteredpuppies.com/puppies/sienna-female-6,"default index,follow",YES,2,2,DISCOVER_VIA_SITEMAP,Valid canonical URL; allow sitemap and internal-link discovery.
/puppies/sienna-female-7,PUPPY_DETAIL,200,https://www.pottyregisteredpuppies.com/puppies/sienna-female-7,"default index,follow",YES,2,2,DISCOVER_VIA_SITEMAP,Valid canonical URL; allow sitemap and internal-link discovery.
/puppies/simon-male-4,PUPPY_DETAIL,200,https://www.pottyregisteredpuppies.com/puppies/simon-male-4,"default index,follow",YES,2,2,DISCOVER_VIA_SITEMAP,Valid canonical URL; allow sitemap and internal-link discovery.
/puppies/skylar-female-2,PUPPY_DETAIL,200,https://www.pottyregisteredpuppies.com/puppies/skylar-female-2,"default index,follow",YES,2,4,DISCOVER_VIA_SITEMAP,Valid canonical URL; allow sitemap and internal-link discovery.
/puppies/snow-male,PUPPY_DETAIL,200,https://www.pottyregisteredpuppies.com/puppies/snow-male,"default index,follow",YES,2,2,DISCOVER_VIA_SITEMAP,Valid canonical URL; allow sitemap and internal-link discovery.
/puppies/snowy-female,PUPPY_DETAIL,200,https://www.pottyregisteredpuppies.com/puppies/snowy-female,"default index,follow",YES,2,2,DISCOVER_VIA_SITEMAP,Valid canonical URL; allow sitemap and internal-link discovery.
/puppies/snowy-male,PUPPY_DETAIL,200,https://www.pottyregisteredpuppies.com/puppies/snowy-male,"default index,follow",YES,2,2,DISCOVER_VIA_SITEMAP,Valid canonical URL; allow sitemap and internal-link discovery.
/puppies/som-female,PUPPY_DETAIL,200,https://www.pottyregisteredpuppies.com/puppies/som-female,"default index,follow",YES,2,2,DISCOVER_VIA_SITEMAP,Valid canonical URL; allow sitemap and internal-link discovery.
/puppies/stella-female-2,PUPPY_DETAIL,200,https://www.pottyregisteredpuppies.com/puppies/stella-female-2,"default index,follow",YES,2,2,DISCOVER_VIA_SITEMAP,Valid canonical URL; allow sitemap and internal-link discovery.
/puppies/stella-female-3,PUPPY_DETAIL,200,https://www.pottyregisteredpuppies.com/puppies/stella-female-3,"default index,follow",YES,2,2,DISCOVER_VIA_SITEMAP,Valid canonical URL; allow sitemap and internal-link discovery.
/puppies/stella-female-4,PUPPY_DETAIL,200,https://www.pottyregisteredpuppies.com/puppies/stella-female-4,"default index,follow",YES,2,2,DISCOVER_VIA_SITEMAP,Valid canonical URL; allow sitemap and internal-link discovery.
/puppies/stella-female-5,PUPPY_DETAIL,200,https://www.pottyregisteredpuppies.com/puppies/stella-female-5,"default index,follow",YES,2,2,DISCOVER_VIA_SITEMAP,Valid canonical URL; allow sitemap and internal-link discovery.
/puppies/stella-female-6,PUPPY_DETAIL,200,https://www.pottyregisteredpuppies.com/puppies/stella-female-6,"default index,follow",YES,2,2,DISCOVER_VIA_SITEMAP,Valid canonical URL; allow sitemap and internal-link discovery.
/puppies/stella-female-7,PUPPY_DETAIL,200,https://www.pottyregisteredpuppies.com/puppies/stella-female-7,"default index,follow",YES,2,5,DISCOVER_VIA_SITEMAP,Valid canonical URL; allow sitemap and internal-link discovery.
/puppies/sterling-male-1,PUPPY_DETAIL,200,https://www.pottyregisteredpuppies.com/puppies/sterling-male-1,"default index,follow",YES,2,2,DISCOVER_VIA_SITEMAP,Valid canonical URL; allow sitemap and internal-link discovery.
/puppies/suki-female,PUPPY_DETAIL,200,https://www.pottyregisteredpuppies.com/puppies/suki-female,"default index,follow",YES,2,2,DISCOVER_VIA_SITEMAP,Valid canonical URL; allow sitemap and internal-link discovery.
/puppies/sylvie-female,PUPPY_DETAIL,200,https://www.pottyregisteredpuppies.com/puppies/sylvie-female,"default index,follow",YES,2,2,DISCOVER_VIA_SITEMAP,Valid canonical URL; allow sitemap and internal-link discovery.
/puppies/taffy-female,PUPPY_DETAIL,200,https://www.pottyregisteredpuppies.com/puppies/taffy-female,"default index,follow",YES,2,2,DISCOVER_VIA_SITEMAP,Valid canonical URL; allow sitemap and internal-link discovery.
/puppies/taffy-female-1,PUPPY_DETAIL,200,https://www.pottyregisteredpuppies.com/puppies/taffy-female-1,"default index,follow",YES,2,2,DISCOVER_VIA_SITEMAP,Valid canonical URL; allow sitemap and internal-link discovery.
/puppies/taylor-male-1,PUPPY_DETAIL,200,https://www.pottyregisteredpuppies.com/puppies/taylor-male-1,"default index,follow",YES,2,2,DISCOVER_VIA_SITEMAP,Valid canonical URL; allow sitemap and internal-link discovery.
/puppies/taylor-male-2,PUPPY_DETAIL,200,https://www.pottyregisteredpuppies.com/puppies/taylor-male-2,"default index,follow",YES,2,2,DISCOVER_VIA_SITEMAP,Valid canonical URL; allow sitemap and internal-link discovery.
/puppies/teddy-female,PUPPY_DETAIL,200,https://www.pottyregisteredpuppies.com/puppies/teddy-female,"default index,follow",YES,2,5,DISCOVER_VIA_SITEMAP,Valid canonical URL; allow sitemap and internal-link discovery.
/puppies/teddy-female-5,PUPPY_DETAIL,200,https://www.pottyregisteredpuppies.com/puppies/teddy-female-5,"default index,follow",YES,2,2,DISCOVER_VIA_SITEMAP,Valid canonical URL; allow sitemap and internal-link discovery.
/puppies/teddy-male-3,PUPPY_DETAIL,200,https://www.pottyregisteredpuppies.com/puppies/teddy-male-3,"default index,follow",YES,2,2,DISCOVER_VIA_SITEMAP,Valid canonical URL; allow sitemap and internal-link discovery.
/puppies/teddy-male-4,PUPPY_DETAIL,200,https://www.pottyregisteredpuppies.com/puppies/teddy-male-4,"default index,follow",YES,2,4,DISCOVER_VIA_SITEMAP,Valid canonical URL; allow sitemap and internal-link discovery.
/puppies/teddy-male-5,PUPPY_DETAIL,200,https://www.pottyregisteredpuppies.com/puppies/teddy-male-5,"default index,follow",YES,2,2,DISCOVER_VIA_SITEMAP,Valid canonical URL; allow sitemap and internal-link discovery.
/puppies/theo-male-1,PUPPY_DETAIL,200,https://www.pottyregisteredpuppies.com/puppies/theo-male-1,"default index,follow",YES,2,2,DISCOVER_VIA_SITEMAP,Valid canonical URL; allow sitemap and internal-link discovery.
/puppies/theo-male-2,PUPPY_DETAIL,200,https://www.pottyregisteredpuppies.com/puppies/theo-male-2,"default index,follow",YES,2,2,DISCOVER_VIA_SITEMAP,Valid canonical URL; allow sitemap and internal-link discovery.
/puppies/theo-male-3,PUPPY_DETAIL,200,https://www.pottyregisteredpuppies.com/puppies/theo-male-3,"default index,follow",YES,2,2,DISCOVER_VIA_SITEMAP,Valid canonical URL; allow sitemap and internal-link discovery.
/puppies/theo-male-4,PUPPY_DETAIL,200,https://www.pottyregisteredpuppies.com/puppies/theo-male-4,"default index,follow",YES,1,3,DISCOVER_VIA_SITEMAP,Valid canonical URL; allow sitemap and internal-link discovery.
/puppies/thor-male-2,PUPPY_DETAIL,200,https://www.pottyregisteredpuppies.com/puppies/thor-male-2,"default index,follow",YES,2,2,DISCOVER_VIA_SITEMAP,Valid canonical URL; allow sitemap and internal-link discovery.
/puppies/thor-male-3,PUPPY_DETAIL,200,https://www.pottyregisteredpuppies.com/puppies/thor-male-3,"default index,follow",YES,2,5,DISCOVER_VIA_SITEMAP,Valid canonical URL; allow sitemap and internal-link discovery.
/puppies/tippy-female-3,PUPPY_DETAIL,200,https://www.pottyregisteredpuppies.com/puppies/tippy-female-3,"default index,follow",YES,2,2,DISCOVER_VIA_SITEMAP,Valid canonical URL; allow sitemap and internal-link discovery.
/puppies/toby-male-10,PUPPY_DETAIL,200,https://www.pottyregisteredpuppies.com/puppies/toby-male-10,"default index,follow",YES,2,2,DISCOVER_VIA_SITEMAP,Valid canonical URL; allow sitemap and internal-link discovery.
/puppies/toby-male-11,PUPPY_DETAIL,200,https://www.pottyregisteredpuppies.com/puppies/toby-male-11,"default index,follow",YES,2,3,DISCOVER_VIA_SITEMAP,Valid canonical URL; allow sitemap and internal-link discovery.
/puppies/toby-male-12,PUPPY_DETAIL,200,https://www.pottyregisteredpuppies.com/puppies/toby-male-12,"default index,follow",YES,2,2,DISCOVER_VIA_SITEMAP,Valid canonical URL; allow sitemap and internal-link discovery.
/puppies/toby-male-5,PUPPY_DETAIL,200,https://www.pottyregisteredpuppies.com/puppies/toby-male-5,"default index,follow",YES,2,4,DISCOVER_VIA_SITEMAP,Valid canonical URL; allow sitemap and internal-link discovery.
/puppies/toby-male-6,PUPPY_DETAIL,200,https://www.pottyregisteredpuppies.com/puppies/toby-male-6,"default index,follow",YES,2,4,DISCOVER_VIA_SITEMAP,Valid canonical URL; allow sitemap and internal-link discovery.
/puppies/toby-male-7,PUPPY_DETAIL,200,https://www.pottyregisteredpuppies.com/puppies/toby-male-7,"default index,follow",YES,2,2,DISCOVER_VIA_SITEMAP,Valid canonical URL; allow sitemap and internal-link discovery.
/puppies/toby-male-8,PUPPY_DETAIL,200,https://www.pottyregisteredpuppies.com/puppies/toby-male-8,"default index,follow",YES,2,2,DISCOVER_VIA_SITEMAP,Valid canonical URL; allow sitemap and internal-link discovery.
/puppies/toby-male-9,PUPPY_DETAIL,200,https://www.pottyregisteredpuppies.com/puppies/toby-male-9,"default index,follow",YES,2,2,DISCOVER_VIA_SITEMAP,Valid canonical URL; allow sitemap and internal-link discovery.
/puppies/toby-male-copy,PUPPY_DETAIL,200,https://www.pottyregisteredpuppies.com/puppies/toby-male-copy,"default index,follow",YES,2,2,DISCOVER_VIA_SITEMAP,Valid canonical URL; allow sitemap and internal-link discovery.
/puppies/toffee-male,PUPPY_DETAIL,200,https://www.pottyregisteredpuppies.com/puppies/toffee-male,"default index,follow",YES,2,2,DISCOVER_VIA_SITEMAP,Valid canonical URL; allow sitemap and internal-link discovery.
/puppies/toffee-male-1,PUPPY_DETAIL,200,https://www.pottyregisteredpuppies.com/puppies/toffee-male-1,"default index,follow",YES,1,2,DISCOVER_VIA_SITEMAP,Valid canonical URL; allow sitemap and internal-link discovery.
/puppies/tory-male-1,PUPPY_DETAIL,200,https://www.pottyregisteredpuppies.com/puppies/tory-male-1,"default index,follow",YES,2,2,DISCOVER_VIA_SITEMAP,Valid canonical URL; allow sitemap and internal-link discovery.
/puppies/toto-male-1,PUPPY_DETAIL,200,https://www.pottyregisteredpuppies.com/puppies/toto-male-1,"default index,follow",YES,2,2,DISCOVER_VIA_SITEMAP,Valid canonical URL; allow sitemap and internal-link discovery.
/puppies/toto-male-2,PUPPY_DETAIL,200,https://www.pottyregisteredpuppies.com/puppies/toto-male-2,"default index,follow",YES,2,2,DISCOVER_VIA_SITEMAP,Valid canonical URL; allow sitemap and internal-link discovery.
/puppies/toto-male-3,PUPPY_DETAIL,200,https://www.pottyregisteredpuppies.com/puppies/toto-male-3,"default index,follow",YES,2,4,DISCOVER_VIA_SITEMAP,Valid canonical URL; allow sitemap and internal-link discovery.
/puppies/trixie-female,PUPPY_DETAIL,200,https://www.pottyregisteredpuppies.com/puppies/trixie-female,"default index,follow",YES,2,4,DISCOVER_VIA_SITEMAP,Valid canonical URL; allow sitemap and internal-link discovery.
/puppies/valentina-female-1,PUPPY_DETAIL,200,https://www.pottyregisteredpuppies.com/puppies/valentina-female-1,"default index,follow",YES,2,2,DISCOVER_VIA_SITEMAP,Valid canonical URL; allow sitemap and internal-link discovery.
/puppies/valentina-female-2,PUPPY_DETAIL,200,https://www.pottyregisteredpuppies.com/puppies/valentina-female-2,"default index,follow",YES,2,2,DISCOVER_VIA_SITEMAP,Valid canonical URL; allow sitemap and internal-link discovery.
/puppies/valentina-female-3,PUPPY_DETAIL,200,https://www.pottyregisteredpuppies.com/puppies/valentina-female-3,"default index,follow",YES,2,2,DISCOVER_VIA_SITEMAP,Valid canonical URL; allow sitemap and internal-link discovery.
/puppies/valentina-female-4,PUPPY_DETAIL,200,https://www.pottyregisteredpuppies.com/puppies/valentina-female-4,"default index,follow",YES,2,2,DISCOVER_VIA_SITEMAP,Valid canonical URL; allow sitemap and internal-link discovery.
/puppies/velvet-female-2,PUPPY_DETAIL,200,https://www.pottyregisteredpuppies.com/puppies/velvet-female-2,"default index,follow",YES,2,2,DISCOVER_VIA_SITEMAP,Valid canonical URL; allow sitemap and internal-link discovery.
/puppies/velvet-female-3,PUPPY_DETAIL,200,https://www.pottyregisteredpuppies.com/puppies/velvet-female-3,"default index,follow",YES,2,2,DISCOVER_VIA_SITEMAP,Valid canonical URL; allow sitemap and internal-link discovery.
/puppies/velvet-female-4,PUPPY_DETAIL,200,https://www.pottyregisteredpuppies.com/puppies/velvet-female-4,"default index,follow",YES,2,2,DISCOVER_VIA_SITEMAP,Valid canonical URL; allow sitemap and internal-link discovery.
/puppies/velvet-female-5,PUPPY_DETAIL,200,https://www.pottyregisteredpuppies.com/puppies/velvet-female-5,"default index,follow",YES,2,2,DISCOVER_VIA_SITEMAP,Valid canonical URL; allow sitemap and internal-link discovery.
/puppies/velvet-female-6,PUPPY_DETAIL,200,https://www.pottyregisteredpuppies.com/puppies/velvet-female-6,"default index,follow",YES,2,2,DISCOVER_VIA_SITEMAP,Valid canonical URL; allow sitemap and internal-link discovery.
/puppies/velvet-female-7,PUPPY_DETAIL,200,https://www.pottyregisteredpuppies.com/puppies/velvet-female-7,"default index,follow",YES,2,2,DISCOVER_VIA_SITEMAP,Valid canonical URL; allow sitemap and internal-link discovery.
/puppies/vivi-female,PUPPY_DETAIL,200,https://www.pottyregisteredpuppies.com/puppies/vivi-female,"default index,follow",YES,2,2,DISCOVER_VIA_SITEMAP,Valid canonical URL; allow sitemap and internal-link discovery.
/puppies/vivi-female-1,PUPPY_DETAIL,200,https://www.pottyregisteredpuppies.com/puppies/vivi-female-1,"default index,follow",YES,2,2,DISCOVER_VIA_SITEMAP,Valid canonical URL; allow sitemap and internal-link discovery.
/puppies/wrinkles-female,PUPPY_DETAIL,200,https://www.pottyregisteredpuppies.com/puppies/wrinkles-female,"default index,follow",YES,2,2,DISCOVER_VIA_SITEMAP,Valid canonical URL; allow sitemap and internal-link discovery.
/puppies/yorkies,PUPPY_DETAIL,200,https://www.pottyregisteredpuppies.com/puppies/yorkies,"default index,follow",YES,2,2,DISCOVER_VIA_SITEMAP,Valid canonical URL; allow sitemap and internal-link discovery.
/puppies/zephyr-male,PUPPY_DETAIL,200,https://www.pottyregisteredpuppies.com/puppies/zephyr-male,"default index,follow",YES,2,2,DISCOVER_VIA_SITEMAP,Valid canonical URL; allow sitemap and internal-link discovery.
/puppies/ziggy-female,PUPPY_DETAIL,200,https://www.pottyregisteredpuppies.com/puppies/ziggy-female,"default index,follow",YES,2,2,DISCOVER_VIA_SITEMAP,Valid canonical URL; allow sitemap and internal-link discovery.
/puppies/zoey-female-1,PUPPY_DETAIL,200,https://www.pottyregisteredpuppies.com/puppies/zoey-female-1,"default index,follow",YES,2,2,DISCOVER_VIA_SITEMAP,Valid canonical URL; allow sitemap and internal-link discovery.
/puppies/zoey-female-3,PUPPY_DETAIL,200,https://www.pottyregisteredpuppies.com/puppies/zoey-female-3,"default index,follow",YES,2,3,DISCOVER_VIA_SITEMAP,Valid canonical URL; allow sitemap and internal-link discovery.
