url,page_type,depth,incoming_links,status
/,HOMEPAGE,0,0,200
/puppies,PUPPIES_HUB,1,1,200
/breeds,BREEDS_HUB,1,1,200
/guides,GUIDES_HUB,1,1,200
/about,ABOUT,1,1,200
/contact,CONTACT,1,1,200
/breeds/maltipoo,TOP_BREED,2,3,200
/breeds/poodle,TOP_BREED,2,3,200
/breeds/pomeranian,TOP_BREED,2,3,200
/breeds/yorkie,TOP_BREED,2,3,200
/breeds/pomsky,TOP_BREED,2,3,200
/breeds/maltese,TOP_BREED,2,3,200
/breeds/coton-de-tulear,TOP_BREED,2,3,200
/breeds/morkie,TOP_BREED,2,3,200
/breeds/doodle,TOP_BREED,2,3,200
/breeds/maltipom,TOP_BREED,2,3,200
/breeds/maltitzu,TOP_BREED,2,3,200
/breeds/biewer-terrier,TOP_BREED,2,3,200
/breeds/mini-schnauzer,TOP_BREED,2,3,200
/breeds/bichon-frise,TOP_BREED,2,3,200
/breeds/frenchie,BREED,2,2,200
/breeds/dachshund,BREED,2,2,200
/breeds/chihuahua,BREED,2,2,200
/breeds/king-charles,TOP_BREED,2,3,200
/breeds/mauzer,BREED,2,2,200
/breeds/pomapoo,BREED,2,2,200
/breeds/mame-shiba,BREED,2,2,200
/breeds/shih-zhu,BREED,2,2,200
/breeds/pug,BREED,2,2,200
/guides/choosing-the-right-breed,GUIDE,2,2,200
/guides/preparing-for-a-puppy,GUIDE,2,2,200
/guides/questions-to-ask,GUIDE,2,2,200
/guides/puppy-training-basics,GUIDE,2,2,200
/guides/pet-insurance-guide,GUIDE,2,2,200
/guides/travelling-with-your-puppy,GUIDE,2,2,200
/guides/health-and-care,GUIDE,2,2,200
/puppies/lulu-female-1,STRONG_INDEXABLE,2,2,200
/puppies/oscar-male-7,STRONG_INDEXABLE,2,2,200
/puppies/diana-female-10,STRONG_INDEXABLE,2,2,200
/puppies/toffee-male-1,STRONG_INDEXABLE,2,2,200
/puppies/theo-male-4,STRONG_INDEXABLE,2,2,200
/puppies/diana-female-9,STRONG_INDEXABLE,2,2,200
/puppies/giselle-female-1,STRONG_INDEXABLE,2,2,200
/puppies/jessie-female-3,STRONG_INDEXABLE,2,2,200
/puppies/amber-female-6,STRONG_INDEXABLE,2,2,200
/puppies/berry-female-4,STRONG_INDEXABLE,2,2,200
/puppies/lily-female-1,STRONG_INDEXABLE,2,2,200
/puppies/arlo-male-6,STRONG_INDEXABLE,2,2,200
/puppies/thor-male-3,STRONG_INDEXABLE,2,2,200
/puppies/toby-male-12,STRONG_INDEXABLE,2,2,200
/puppies/toffee-male,STRONG_INDEXABLE,2,2,200
/puppies/austin-male-7,STRONG_INDEXABLE,2,2,200
/puppies/agatha-female-7,STRONG_INDEXABLE,2,2,200
/puppies/agatha-female-6,STRONG_INDEXABLE,2,2,200
/puppies/grace-female-4,STRONG_INDEXABLE,2,2,200
/puppies/nutella-female-1,STRONG_INDEXABLE,2,2,200
/puppies/toby-male-11,STRONG_INDEXABLE,2,2,200
/puppies/koda-male-1,STRONG_INDEXABLE,2,2,200
/puppies/monty-male-6,STRONG_INDEXABLE,2,2,200
/puppies/diana-female-8,STRONG_INDEXABLE,2,2,200
/puppies/isabella-female-4,STRONG_INDEXABLE,2,2,200
/puppies/jennie-female-6,STRONG_INDEXABLE,2,2,200
/puppies/diana-female-7,STRONG_INDEXABLE,2,2,200
/puppies/kyle-male-6,STRONG_INDEXABLE,2,2,200
/puppies/oreo-male-3,STRONG_INDEXABLE,2,2,200
/puppies/austin-male-6,STRONG_INDEXABLE,2,2,200
/puppies/skylar-female-2,STRONG_INDEXABLE,2,2,200
/puppies/mochi-male-2,STRONG_INDEXABLE,2,2,200
/puppies/daphne-female-3,STRONG_INDEXABLE,2,2,200
/puppies/amelia-female-7,STRONG_INDEXABLE,2,2,200
/puppies/teddy-male-5,STRONG_INDEXABLE,2,2,200
/puppies/berry-female-3,STRONG_INDEXABLE,2,2,200
/puppies/doraemon-male-1,STRONG_INDEXABLE,2,2,200
/puppies/toby-male-10,STRONG_INDEXABLE,2,2,200
/puppies/isabella-female-3,STRONG_INDEXABLE,2,2,200
/puppies/arlo-male-5,STRONG_INDEXABLE,2,2,200
/puppies/zoey-female-3,STRONG_INDEXABLE,2,2,200
/puppies/gizmo-male-2,STRONG_INDEXABLE,2,2,200
/puppies/coco-female-9,STRONG_INDEXABLE,2,2,200
/puppies/jessica-female-11,STRONG_INDEXABLE,2,2,200
/puppies/bagel-male-4,STRONG_INDEXABLE,2,2,200
/puppies/velvet-female-7,STRONG_INDEXABLE,2,2,200
/puppies/agatha-female-5,STRONG_INDEXABLE,2,2,200
/puppies/velvet-female-6,STRONG_INDEXABLE,2,2,200
/puppies/arlo-male-4,STRONG_INDEXABLE,2,2,200
/puppies/toto-male-3,STRONG_INDEXABLE,2,2,200
/puppies/diana-female-6,STRONG_INDEXABLE,2,2,200
/puppies/gigi-female-8,STRONG_INDEXABLE,2,2,200
/puppies/austin-male-5,STRONG_INDEXABLE,2,2,200
/puppies/milo-male-11,STRONG_INDEXABLE,2,2,200
/puppies/luna-female-4,STRONG_INDEXABLE,2,2,200
/puppies/inky-female,STRONG_INDEXABLE,2,2,200
/puppies/jennie-female-5,STRONG_INDEXABLE,2,2,200
/puppies/noah-male-1,STRONG_INDEXABLE,2,2,200
/puppies/coco-female-8,STRONG_INDEXABLE,2,2,200
/puppies/scarlet-female-2,STRONG_INDEXABLE,2,2,200
/puppies/mochi-female-9,STRONG_INDEXABLE,2,2,200
/puppies/amber-female-5,STRONG_INDEXABLE,2,2,200
/puppies/stella-female-7,STRONG_INDEXABLE,2,2,200
/puppies/myles-male-7,STRONG_INDEXABLE,2,2,200
/puppies/bailey-male-3,STRONG_INDEXABLE,2,2,200
/puppies/jack-male-1,STRONG_INDEXABLE,2,2,200
/puppies/austin-male-4,STRONG_INDEXABLE,2,2,200
/puppies/jessie-female-2,STRONG_INDEXABLE,2,2,200
/puppies/oscar-male-6,STRONG_INDEXABLE,2,2,200
/puppies/roxy-female-7,STRONG_INDEXABLE,2,2,200
/puppies/pommy-male-2,STRONG_INDEXABLE,2,2,200
/puppies/myles-male-6,STRONG_INDEXABLE,2,2,200
/puppies/jennie-female-4,STRONG_INDEXABLE,2,2,200
/puppies/enzo-male,STRONG_INDEXABLE,2,2,200
/puppies/teddy-male-4,STRONG_INDEXABLE,2,2,200
/puppies/colette-female,STRONG_INDEXABLE,2,2,200
/puppies/toby-male-9,STRONG_INDEXABLE,2,2,200
/puppies/hugo-male-4,STRONG_INDEXABLE,2,2,200
/puppies/jennie-female-3,STRONG_INDEXABLE,2,2,200
/puppies/lyra-female-8,STRONG_INDEXABLE,2,2,200
/puppies/melina-female-4,STRONG_INDEXABLE,2,2,200
/puppies/mochi-female-8,STRONG_INDEXABLE,2,2,200
/puppies/milo-male-10,STRONG_INDEXABLE,2,2,200
/puppies/aspen-male-5,STRONG_INDEXABLE,2,2,200
/puppies/sienna-female-7,STRONG_INDEXABLE,2,2,200
/puppies/leo-male-3,STRONG_INDEXABLE,2,2,200
/puppies/amber-female-4,STRONG_INDEXABLE,2,2,200
/puppies/taffy-female-1,STRONG_INDEXABLE,2,2,200
/puppies/nana-female-1,STRONG_INDEXABLE,2,2,200
/puppies/valentina-female-4,STRONG_INDEXABLE,2,2,200
/puppies/yorkies,STRONG_INDEXABLE,2,2,200
/puppies/som-female,STRONG_INDEXABLE,2,2,200
/puppies/osita-female,STRONG_INDEXABLE,2,2,200
/puppies/amber-female-3,STRONG_INDEXABLE,2,2,200
/puppies/jessie-female-1,STRONG_INDEXABLE,2,2,200
/puppies/mochi-female-7,STRONG_INDEXABLE,2,2,200
/puppies/sienna-female-6,STRONG_INDEXABLE,2,2,200
/puppies/arlo-male-3,STRONG_INDEXABLE,2,2,200
/puppies/nugget-male-3,STRONG_INDEXABLE,2,2,200
/puppies/kofi-male-4,STRONG_INDEXABLE,2,2,200
/puppies/austin-male-3,STRONG_INDEXABLE,2,2,200
/puppies/bagel-male-3,STRONG_INDEXABLE,2,2,200
/puppies/jessica-female-10,STRONG_INDEXABLE,2,2,200
/puppies/gisele-female-1,STRONG_INDEXABLE,2,2,200
/puppies/sienna-female-5,STRONG_INDEXABLE,2,2,200
/puppies/agatha-female-4,STRONG_INDEXABLE,2,2,200
/puppies/gigi-female-7,STRONG_INDEXABLE,2,2,200
/puppies/gucci-male,STRONG_INDEXABLE,2,2,200
/puppies/cher-female,STRONG_INDEXABLE,2,2,200
/puppies/nova-female-3,STRONG_INDEXABLE,2,2,200
/puppies/velvet-female-5,STRONG_INDEXABLE,2,2,200
/puppies/biscuit-male-3,STRONG_INDEXABLE,2,2,200
/puppies/myles-male-5,STRONG_INDEXABLE,2,2,200
/puppies/celine-female-2,STRONG_INDEXABLE,2,2,200
/puppies/valentina-female-3,STRONG_INDEXABLE,2,2,200
/puppies/lucky-male-2,STRONG_INDEXABLE,2,2,200
/puppies/sienna-female-4,STRONG_INDEXABLE,2,2,200
/puppies/cooper-male-2,STRONG_INDEXABLE,2,2,200
/puppies/hyde-male,STRONG_INDEXABLE,2,2,200
/puppies/jessie-female,STRONG_INDEXABLE,2,2,200
/puppies/melna-female,STRONG_INDEXABLE,2,2,200
/puppies/amber-female-2,STRONG_INDEXABLE,2,2,200
/puppies/aria-female,STRONG_INDEXABLE,2,2,200
/puppies/rose-female-2,STRONG_INDEXABLE,2,2,200
/puppies/honey-female,STRONG_INDEXABLE,2,2,200
/puppies/beau-male-2,STRONG_INDEXABLE,2,2,200
/puppies/marco-male-3,STRONG_INDEXABLE,2,2,200
/puppies/roxy-female-6,STRONG_INDEXABLE,2,2,200
/puppies/arlo-male-2,STRONG_INDEXABLE,2,2,200
/puppies/berry-female-2,STRONG_INDEXABLE,2,2,200
/puppies/pippa-female,STRONG_INDEXABLE,2,2,200
/puppies/bagel-male-2,STRONG_INDEXABLE,2,2,200
/puppies/chloe-female-8,STRONG_INDEXABLE,2,2,200
/puppies/brownie-male,STRONG_INDEXABLE,2,2,200
/puppies/diana-female-5,STRONG_INDEXABLE,2,2,200
/puppies/oscar-male-5,STRONG_INDEXABLE,2,2,200
/puppies/vivi-female-1,STRONG_INDEXABLE,2,2,200
/puppies/grace-female-3,STRONG_INDEXABLE,2,2,200
/puppies/nugget-male-2,STRONG_INDEXABLE,2,2,200
/puppies/theo-male-3,STRONG_INDEXABLE,2,2,200
/puppies/panda-male-1,STRONG_INDEXABLE,2,2,200
/puppies/esme-female-3,STRONG_INDEXABLE,2,2,200
/puppies/ewan-male-6,STRONG_INDEXABLE,2,2,200
/puppies/sienna-female-3,STRONG_INDEXABLE,2,2,200
/puppies/puffin-female-4,STRONG_INDEXABLE,2,2,200
/puppies/bomi-male,STRONG_INDEXABLE,2,2,200
/puppies/aaron-male-2,STRONG_INDEXABLE,2,2,200
/puppies/amelia-female-6,STRONG_INDEXABLE,2,2,200
/puppies/rocko-male-2,STRONG_INDEXABLE,2,2,200
/puppies/berry-female-1,STRONG_INDEXABLE,2,2,200
/puppies/aspen-male-4,STRONG_INDEXABLE,2,2,200
/puppies/toto-male-2,STRONG_INDEXABLE,2,2,200
/puppies/velvet-female-4,STRONG_INDEXABLE,2,2,200
/puppies/boomer-male-1,STRONG_INDEXABLE,2,2,200
/puppies/chloe-female-6,STRONG_INDEXABLE,2,2,200
/puppies/austin-male-2,STRONG_INDEXABLE,2,2,200
/puppies/kyle-male-5,STRONG_INDEXABLE,2,2,200
/puppies/mochi-female-6,STRONG_INDEXABLE,2,2,200
/puppies/agatha-female-3,STRONG_INDEXABLE,2,2,200
/puppies/lulu-female,STRONG_INDEXABLE,2,2,200
/puppies/noah-male,STRONG_INDEXABLE,2,2,200
/puppies/suki-female,STRONG_INDEXABLE,2,2,200
/puppies/mitch-male-2,STRONG_INDEXABLE,2,2,200
/puppies/lala-female-5,STRONG_INDEXABLE,2,2,200
/puppies/luca-male,STRONG_INDEXABLE,2,2,200
/puppies/isla-female,STRONG_INDEXABLE,2,2,200
/puppies/diana-female-4,STRONG_INDEXABLE,2,2,200
/puppies/jennie-female-2,STRONG_INDEXABLE,2,2,200
/puppies/gigi-female-6,STRONG_INDEXABLE,2,2,200
/puppies/celine-female-1,STRONG_INDEXABLE,2,2,200
/puppies/sylvie-female,STRONG_INDEXABLE,2,2,200
/puppies/chanel-female-3,STRONG_INDEXABLE,2,2,200
/puppies/isabella-female-2,STRONG_INDEXABLE,2,2,200
/puppies/amber-female-1,STRONG_INDEXABLE,2,2,200
/puppies/noa-female,STRONG_INDEXABLE,2,2,200
/puppies/arthur-male-2,STRONG_INDEXABLE,2,2,200
/puppies/maggie-female-5,STRONG_INDEXABLE,2,2,200
/puppies/nola-female,STRONG_INDEXABLE,2,2,200
/puppies/coco-female-reserved-by-rt,STRONG_INDEXABLE,2,2,200
/puppies/ginger-male,STRONG_INDEXABLE,2,2,200
/puppies/ewan-male-5,STRONG_INDEXABLE,2,2,200
/puppies/gisele-female,STRONG_INDEXABLE,2,2,200
/puppies/snow-male,STRONG_INDEXABLE,2,2,200
/puppies/nugget-male-1,STRONG_INDEXABLE,2,2,200
/puppies/jennie-female-1,STRONG_INDEXABLE,2,2,200
/puppies/luna-female-2,STRONG_INDEXABLE,2,2,200
/puppies/hershey-male-1,STRONG_INDEXABLE,2,2,200
/puppies/butters-male-1,STRONG_INDEXABLE,2,2,200
/puppies/jessica-female-9,STRONG_INDEXABLE,2,2,200
/puppies/nutella-male,STRONG_INDEXABLE,2,2,200
/puppies/lyra-female-7,STRONG_INDEXABLE,2,2,200
/puppies/stella-female-6,STRONG_INDEXABLE,2,2,200
/puppies/toby-male-copy,STRONG_INDEXABLE,2,2,200
/puppies/selene-female,STRONG_INDEXABLE,2,2,200
/puppies/berry-female,STRONG_INDEXABLE,2,2,200
/puppies/myles-male-4,STRONG_INDEXABLE,2,2,200
/puppies/sienna-female-2,STRONG_INDEXABLE,2,2,200
/puppies/felix-male-1,STRONG_INDEXABLE,2,2,200
/puppies/taylor-male-2,STRONG_INDEXABLE,2,2,200
/puppies/monty-male-5,STRONG_INDEXABLE,2,2,200
/puppies/bianca-female-1,STRONG_INDEXABLE,2,2,200
/puppies/oreo-male-2,STRONG_INDEXABLE,2,2,200
/puppies/coco-female-7,STRONG_INDEXABLE,2,2,200
/puppies/bambi-female-1,STRONG_INDEXABLE,2,2,200
/puppies/kyle-male-4,STRONG_INDEXABLE,2,2,200
/puppies/snowy-male,STRONG_INDEXABLE,2,2,200
/puppies/amber-female,STRONG_INDEXABLE,2,2,200
/puppies/chase-male,STRONG_INDEXABLE,2,2,200
/puppies/sienna-female-1,STRONG_INDEXABLE,2,2,200
/puppies/toby-male-8,STRONG_INDEXABLE,2,2,200
/puppies/vivi-female,STRONG_INDEXABLE,2,2,200
/puppies/mochi-female-5,STRONG_INDEXABLE,2,2,200
/puppies/charlotte-female,STRONG_INDEXABLE,2,2,200
/puppies/grace-female-2,STRONG_INDEXABLE,2,2,200
/puppies/onyx-male-1,STRONG_INDEXABLE,2,2,200
/puppies/nala-female-1,STRONG_INDEXABLE,2,2,200
/puppies/dior-female,STRONG_INDEXABLE,2,2,200
/puppies/finn-male-1,STRONG_INDEXABLE,2,2,200
/puppies/marble-male,STRONG_INDEXABLE,2,2,200
/puppies/diana-female-3,STRONG_INDEXABLE,2,2,200
/puppies/sterling-male-1,STRONG_INDEXABLE,2,2,200
/puppies/noir-male,STRONG_INDEXABLE,2,2,200
/puppies/velvet-female-3,STRONG_INDEXABLE,2,2,200
/puppies/bennett-male,STRONG_INDEXABLE,2,2,200
/puppies/henry-male,STRONG_INDEXABLE,2,2,200
/puppies/nico-male,STRONG_INDEXABLE,2,2,200
/puppies/butters-female,STRONG_INDEXABLE,2,2,200
/puppies/ryder-male,STRONG_INDEXABLE,2,2,200
/puppies/taffy-female,STRONG_INDEXABLE,2,2,200
/puppies/marshy-male,STRONG_INDEXABLE,2,2,200
/puppies/mimi-female,STRONG_INDEXABLE,2,2,200
/puppies/azure-female,STRONG_INDEXABLE,2,2,200
/puppies/hershey-male,STRONG_INDEXABLE,2,2,200
/puppies/mauve-female,STRONG_INDEXABLE,2,2,200
/puppies/zoey-female-1,STRONG_INDEXABLE,2,2,200
/puppies/ziggy-female,STRONG_INDEXABLE,2,2,200
/puppies/indigo-male,STRONG_INDEXABLE,2,2,200
/puppies/milo-male-9,STRONG_INDEXABLE,2,2,200
/puppies/milo-male-8,STRONG_INDEXABLE,2,2,200
/puppies/nova-female-2,STRONG_INDEXABLE,2,2,200
/puppies/rosie-female-2,STRONG_INDEXABLE,2,2,200
/puppies/pippa-female-2,STRONG_INDEXABLE,2,2,200
/puppies/esme-female-2,STRONG_INDEXABLE,2,2,200
/puppies/teddy-female-5,STRONG_INDEXABLE,2,2,200
/puppies/dustin-male-1,STRONG_INDEXABLE,2,2,200
/puppies/bentley-male-5,STRONG_INDEXABLE,2,2,200
/puppies/koda-male,STRONG_INDEXABLE,2,2,200
/puppies/chanel-female-2,STRONG_INDEXABLE,2,2,200
/puppies/dolores-female-3,STRONG_INDEXABLE,2,2,200
/puppies/monty-male-4,STRONG_INDEXABLE,2,2,200
/puppies/emma-female-3,STRONG_INDEXABLE,2,2,200
/puppies/theo-male-2,STRONG_INDEXABLE,2,2,200
/puppies/lala-female-4,STRONG_INDEXABLE,2,2,200
/puppies/sandy-male,STRONG_INDEXABLE,2,2,200
/puppies/stella-female-5,STRONG_INDEXABLE,2,2,200
/puppies/sienna-female,STRONG_INDEXABLE,2,2,200
/puppies/taylor-male-1,STRONG_INDEXABLE,2,2,200
/puppies/lyra-female-6,STRONG_INDEXABLE,2,2,200
/puppies/luna-female-1,STRONG_INDEXABLE,2,2,200
/puppies/cinnamon-female-4,STRONG_INDEXABLE,2,2,200
/puppies/mitch-male-1,STRONG_INDEXABLE,2,2,200
/puppies/ewan-male-4,STRONG_INDEXABLE,2,2,200
/puppies/amelia-female-5,STRONG_INDEXABLE,2,2,200
/puppies/isabella-female-1,STRONG_INDEXABLE,2,2,200
/puppies/toto-male-1,STRONG_INDEXABLE,2,2,200
/puppies/puffin-female-3,STRONG_INDEXABLE,2,2,200
/puppies/valentina-female-2,STRONG_INDEXABLE,2,2,200
/puppies/mochi-female-4,STRONG_INDEXABLE,2,2,200
/puppies/baxter-male-1,STRONG_INDEXABLE,2,2,200
/puppies/archie-male,STRONG_INDEXABLE,2,2,200
/puppies/trixie-female,STRONG_INDEXABLE,2,2,200
/puppies/chloe-female-5,STRONG_INDEXABLE,2,2,200
/puppies/tory-male-1,STRONG_INDEXABLE,2,2,200
/puppies/zephyr-male,STRONG_INDEXABLE,2,2,200
/puppies/chico-male,STRONG_INDEXABLE,2,2,200
/puppies/decter-male,STRONG_INDEXABLE,2,2,200
/puppies/lola-female,STRONG_INDEXABLE,2,2,200
/puppies/teddy-female,STRONG_INDEXABLE,2,2,200
/puppies/velvet-female-2,STRONG_INDEXABLE,2,2,200
/puppies/maggie-female-4,STRONG_INDEXABLE,2,2,200
/puppies/gigi-female-5,STRONG_INDEXABLE,2,2,200
/puppies/wrinkles-female,STRONG_INDEXABLE,2,2,200
/puppies/diana-female-2,STRONG_INDEXABLE,2,2,200
/puppies/kofi-male-3,STRONG_INDEXABLE,2,2,200
/puppies/oreo-male-1,STRONG_INDEXABLE,2,2,200
/puppies/marco-male-2,STRONG_INDEXABLE,2,2,200
/puppies/cloud-female-2,STRONG_INDEXABLE,2,2,200
/puppies/biscuit-male-2,STRONG_INDEXABLE,2,2,200
/puppies/milo-male-7,STRONG_INDEXABLE,2,2,200
/puppies/stella-female-4,STRONG_INDEXABLE,2,2,200
/puppies/arlo-male-1,STRONG_INDEXABLE,2,2,200
/puppies/puff-female-3,STRONG_INDEXABLE,2,2,200
/puppies/teddy-male-3,STRONG_INDEXABLE,2,2,200
/puppies/amelia-female-4,STRONG_INDEXABLE,2,2,200
/puppies/dolores-female-2,STRONG_INDEXABLE,2,2,200
/puppies/liliana-female,STRONG_INDEXABLE,2,2,200
/puppies/gucci-female-1,STRONG_INDEXABLE,2,2,200
/puppies/marshmallow-male,STRONG_INDEXABLE,2,2,200
/puppies/mochi-female-3,STRONG_INDEXABLE,2,2,200
/puppies/hugo-male-3,STRONG_INDEXABLE,2,2,200
/puppies/jessica-female-8,STRONG_INDEXABLE,2,2,200
/puppies/ewan-male-3,STRONG_INDEXABLE,2,2,200
/puppies/gigi-female-4,STRONG_INDEXABLE,2,2,200
/puppies/nutella-female,STRONG_INDEXABLE,2,2,200
/puppies/rose-female-1,STRONG_INDEXABLE,2,2,200
/puppies/luna-female,STRONG_INDEXABLE,2,2,200
/puppies/dolly-female-2,STRONG_INDEXABLE,2,2,200
/puppies/thor-male-2,STRONG_INDEXABLE,2,2,200
/puppies/cinnamon-female-3,STRONG_INDEXABLE,2,2,200
/puppies/lala-female-3,STRONG_INDEXABLE,2,2,200
/puppies/hazel-female-1,STRONG_INDEXABLE,2,2,200
/puppies/pomy-female-1,STRONG_INDEXABLE,2,2,200
/puppies/coco-female-6,STRONG_INDEXABLE,2,2,200
/puppies/toby-male-7,STRONG_INDEXABLE,2,2,200
/puppies/sammy-male,STRONG_INDEXABLE,2,2,200
/puppies/jessica-female-7,STRONG_INDEXABLE,2,2,200
/puppies/misty-female,STRONG_INDEXABLE,2,2,200
/puppies/bagel-male-1,STRONG_INDEXABLE,2,2,200
/puppies/chloe-female-4,STRONG_INDEXABLE,2,2,200
/puppies/arthur-male-1,STRONG_INDEXABLE,2,2,200
/puppies/poodles,STRONG_INDEXABLE,2,2,200
/puppies/mochi-female-2,STRONG_INDEXABLE,2,2,200
/puppies/jessica-female-6,STRONG_INDEXABLE,2,2,200
/puppies/boomer-male,STRONG_INDEXABLE,2,2,200
/puppies/toby-male-6,STRONG_INDEXABLE,2,2,200
/puppies/puffin-female-2,STRONG_INDEXABLE,2,2,200
/puppies/felix-male,STRONG_INDEXABLE,2,2,200
/puppies/piper-male-3,STRONG_INDEXABLE,2,2,200
/puppies/stella-female-3,STRONG_INDEXABLE,2,2,200
/puppies/jessica-female-5,STRONG_INDEXABLE,2,2,200
/puppies/diana-female-1,STRONG_INDEXABLE,2,2,200
/puppies/lyra-female-5,STRONG_INDEXABLE,2,2,200
/puppies/austin-male-1,STRONG_INDEXABLE,2,2,200
/puppies/giovanni-male-1,STRONG_INDEXABLE,2,2,200
/puppies/kyle-male-3,STRONG_INDEXABLE,2,2,200
/puppies/oscar-male-4,STRONG_INDEXABLE,2,2,200
/puppies/aspen-male-3,STRONG_INDEXABLE,2,2,200
/puppies/jessica-female-4,STRONG_INDEXABLE,2,2,200
/puppies/milo-male-6,STRONG_INDEXABLE,2,2,200
/puppies/melina-female-3,STRONG_INDEXABLE,2,2,200
/puppies/mocha-female,STRONG_INDEXABLE,2,2,200
/puppies/lyra-female-4,STRONG_INDEXABLE,2,2,200
/puppies/grace-female-1,STRONG_INDEXABLE,2,2,200
/puppies/gigi-female-3,STRONG_INDEXABLE,2,2,200
/puppies/roxy-female-4,STRONG_INDEXABLE,2,2,200
/puppies/knox-male,STRONG_INDEXABLE,2,2,200
/puppies/nova-female,STRONG_INDEXABLE,2,2,200
/puppies/esme-female-purchased-by-kim-copy,STRONG_INDEXABLE,2,2,200
/puppies/giselle-female,STRONG_INDEXABLE,2,2,200
/puppies/boo-male-3,STRONG_INDEXABLE,2,2,200
/puppies/bambi-male-2,STRONG_INDEXABLE,2,2,200
/puppies/mason-male-2,STRONG_INDEXABLE,2,2,200
/puppies/louis-male,STRONG_INDEXABLE,2,2,200
/puppies/olivia-female,STRONG_INDEXABLE,2,2,200
/puppies/tippy-female-3,STRONG_INDEXABLE,2,2,200
/puppies/aurora-female,STRONG_INDEXABLE,2,2,200
/puppies/toby-male-5,STRONG_INDEXABLE,2,2,200
/puppies/marco-male-1,STRONG_INDEXABLE,2,2,200
/puppies/kofi-male-2,STRONG_INDEXABLE,2,2,200
/puppies/cloud-female-1,STRONG_INDEXABLE,2,2,200
/puppies/oscar-male-3,STRONG_INDEXABLE,2,2,200
/puppies/lala-female-2,STRONG_INDEXABLE,2,2,200
/puppies/gigi-female-2,STRONG_INDEXABLE,2,2,200
/puppies/bentley-male-4,STRONG_INDEXABLE,2,2,200
/puppies/stella-female-2,STRONG_INDEXABLE,2,2,200
/puppies/glacier-male-1,STRONG_INDEXABLE,2,2,200
/puppies/lady-female,STRONG_INDEXABLE,2,2,200
/puppies/camille-female-3,STRONG_INDEXABLE,2,2,200
/puppies/dolores-female-purchased-by-melbourne-copy,STRONG_INDEXABLE,2,2,200
/puppies/myles-male-3,STRONG_INDEXABLE,2,2,200
/puppies/reese-male,STRONG_INDEXABLE,2,2,200
/puppies/snowy-female,STRONG_INDEXABLE,2,2,200
/puppies/simon-male-4,STRONG_INDEXABLE,2,2,200
/puppies/puff-female-2,STRONG_INDEXABLE,2,2,200
/puppies/chloe-female-3,STRONG_INDEXABLE,2,2,200
/puppies/finn-male,STRONG_INDEXABLE,2,2,200
/puppies/scarlet-female-1,STRONG_INDEXABLE,2,2,200
/puppies/biscuit-male-1,STRONG_INDEXABLE,2,2,200
/puppies/alfie-male,STRONG_INDEXABLE,2,2,200
/puppies/theo-male-1,STRONG_INDEXABLE,2,2,200
/puppies/new-babies-6,STRONG_INDEXABLE,2,2,200
/puppies/emma-female-2,STRONG_INDEXABLE,2,2,200
/puppies/rex-male,STRONG_INDEXABLE,2,2,200
/puppies/lucky-male-1,STRONG_INDEXABLE,2,2,200
/puppies/pico-male,STRONG_INDEXABLE,2,2,200
/puppies/myles-male-2,STRONG_INDEXABLE,2,2,200
/puppies/molly-female-3,STRONG_INDEXABLE,2,2,200
/puppies/kofi-male-1,STRONG_INDEXABLE,2,2,200
/puppies/valentina-female-1,STRONG_INDEXABLE,2,2,200
/puppies/bianca-female,STRONG_INDEXABLE,2,2,200
