guide_slug,claim_area,classification,recommended_action
choosing-the-right-breed,"Breed temperament is a starting point, not a guarantee.",SAFE_GENERAL,Keep qualified wording.
preparing-for-a-puppy,"ID tag requirements in England, Scotland, and Wales.",LEGAL_CURRENTNESS_REQUIRED,Recheck current government guidance before publication.
questions-to-ask,Microchipping and vaccination paperwork guidance.,LEGAL_CURRENTNESS_REQUIRED,Confirm current UK nation-specific requirements.
puppy-training-basics,APDT and IMDT trainer membership references.,SOURCE_REVIEW_RECOMMENDED,Use qualified-trainer wording unless memberships are verified.
pet-insurance-guide,Specific veterinary cost ranges and policy descriptions.,SOURCE_REVIEW_RECOMMENDED,Recheck current market figures and insurer terms.
travelling-with-your-puppy,Highway Code restraint guidance.,LEGAL_CURRENTNESS_REQUIRED,Verify against the current Highway Code.
travelling-with-your-puppy,Animal Health Certificate and rabies timing.,LEGAL_CURRENTNESS_REQUIRED,Direct readers to APHA and recheck before travel.
health-and-care,"Vaccination, worming, and flea-treatment schedules.",VETERINARY_REVIEW_REQUIRED,Keep vet-directed wording and avoid presenting schedules as universal.
health-and-care,Nutrition and meal-frequency guidance.,VETERINARY_REVIEW_REQUIRED,Keep as general guidance and defer to the puppy's vet.
